2023-11-02 15:08:39,619 [INFO] Activator:176 - 


2023-11-02 15:08:39,624 [INFO] Activator:177 - !SESSION log4j initialized
2023-11-02 15:08:46,159 [INFO] LogOutputStream:77 - [STDOUT_REDIRECT] 
2023-11-02 15:08:49,686 [INFO] ApplicationProperties:184 - Using Application install path: C:\ST\STM32CubeIDE_1.13.2\STM32CubeIDE\plugins\com.st.stm32cube.common.mx_6.9.2.202309101412
2023-11-02 15:08:49,722 [INFO] DbMcusXml:78 - Set database path to: C:\ST\STM32CubeIDE_1.13.2\STM32CubeIDE\plugins\com.st.stm32cube.common.mx_6.9.2.202309101412\\db\/mcu/
2023-11-02 15:08:49,723 [INFO] ApiDb:274 - Set plugin database path to: C:\ST\STM32CubeIDE_1.13.2\STM32CubeIDE\plugins\com.st.stm32cube.common.mx_6.9.2.202309101412\\db\/plugins/boardmanager/
2023-11-02 15:08:49,724 [WARN] ApiDb:259 - Overriding images path with different value:  => C:\ST\STM32CubeIDE_1.13.2\STM32CubeIDE\plugins\com.st.stm32cube.common.mx_6.9.2.202309101412\\db\/plugins/mcufinder/images/
2023-11-02 15:08:49,746 [INFO] ApiDb:250 - Set database path to: C:\Users\emily\.stmcufinder\plugins\mcufinder//mcu/
2023-11-02 15:08:49,749 [INFO] DbMcusAds:125 - Set database path to: C:\Users\emily\.stmcufinder\plugins\mcufinder//mcu/
2023-11-02 15:08:49,754 [INFO] CrossReferenceDbSqlite:203 - Set database path to: C:\Users\emily\.stmcufinder\plugins\mcufinder//mcu/cs/
2023-11-02 15:08:49,987 [INFO] RulesReader:64 - Compatibility file has been processed (293 Rules)
2023-11-02 15:08:50,174 [INFO] DbMcusXml:78 - Set database path to: C:\ST\STM32CubeIDE_1.13.2\STM32CubeIDE\plugins\com.st.stm32cube.common.mx_6.9.2.202309101412\\db\/mcu/
2023-11-02 15:08:50,174 [INFO] ApiDb:274 - Set plugin database path to: C:\ST\STM32CubeIDE_1.13.2\STM32CubeIDE\plugins\com.st.stm32cube.common.mx_6.9.2.202309101412\\db\/plugins/boardmanager/
2023-11-02 15:08:50,175 [INFO] ApiDb:261 - Set plugin images path to: C:\ST\STM32CubeIDE_1.13.2\STM32CubeIDE\plugins\com.st.stm32cube.common.mx_6.9.2.202309101412\\db\/plugins/mcufinder/images/
2023-11-02 15:08:50,175 [WARN] DbFile:41 - Overriding database path with different value: C:\Users\emily\.stmcufinder\plugins\mcufinder/ => C:\Users\emily\.stmcufinder\plugins\mcufinder
2023-11-02 15:08:50,176 [INFO] ApiDb:250 - Set database path to: C:\Users\emily\.stmcufinder\plugins\mcufinder//mcu/
2023-11-02 15:08:50,176 [WARN] DbFile:41 - Overriding database path with different value: C:\Users\emily\.stmcufinder\plugins\mcufinder/ => C:\Users\emily\.stmcufinder\plugins\mcufinder
2023-11-02 15:08:50,176 [INFO] DbMcusAds:125 - Set database path to: C:\Users\emily\.stmcufinder\plugins\mcufinder//mcu/
2023-11-02 15:08:50,176 [WARN] DbFile:41 - Overriding database path with different value: C:\Users\emily\.stmcufinder\plugins\mcufinder/ => C:\Users\emily\.stmcufinder\plugins\mcufinder
2023-11-02 15:08:50,176 [WARN] DbFile:41 - Overriding database path with different value: C:\Users\emily\.stmcufinder\plugins\mcufinder/ => C:\Users\emily\.stmcufinder\plugins\mcufinder
2023-11-02 15:08:50,177 [INFO] CrossReferenceDbSqlite:203 - Set database path to: C:\Users\emily\.stmcufinder\plugins\mcufinder//mcu/cs/
2023-11-02 15:08:50,324 [INFO] MainPanel:262 - HeapMemory: 268435456
2023-11-02 15:08:50,532 [INFO] DbMcusXml:78 - Set database path to: C:\ST\STM32CubeIDE_1.13.2\STM32CubeIDE\plugins\com.st.stm32cube.common.mx_6.9.2.202309101412\\db\/mcu/
2023-11-02 15:08:50,533 [INFO] ApiDb:274 - Set plugin database path to: C:\ST\STM32CubeIDE_1.13.2\STM32CubeIDE\plugins\com.st.stm32cube.common.mx_6.9.2.202309101412\\db\/plugins/boardmanager/
2023-11-02 15:08:50,533 [INFO] ApiDb:261 - Set plugin images path to: C:\ST\STM32CubeIDE_1.13.2\STM32CubeIDE\plugins\com.st.stm32cube.common.mx_6.9.2.202309101412\\db\/plugins/mcufinder/images/
2023-11-02 15:08:50,535 [WARN] DbFile:41 - Overriding database path with different value: C:\Users\emily\.stmcufinder\plugins\mcufinder/ => C:\Users\emily\.stmcufinder\plugins\mcufinder
2023-11-02 15:08:50,535 [INFO] ApiDb:250 - Set database path to: C:\Users\emily\.stmcufinder\plugins\mcufinder//mcu/
2023-11-02 15:08:50,535 [WARN] DbFile:41 - Overriding database path with different value: C:\Users\emily\.stmcufinder\plugins\mcufinder/ => C:\Users\emily\.stmcufinder\plugins\mcufinder
2023-11-02 15:08:50,536 [INFO] DbMcusAds:125 - Set database path to: C:\Users\emily\.stmcufinder\plugins\mcufinder//mcu/
2023-11-02 15:08:50,536 [WARN] DbFile:41 - Overriding database path with different value: C:\Users\emily\.stmcufinder\plugins\mcufinder/ => C:\Users\emily\.stmcufinder\plugins\mcufinder
2023-11-02 15:08:50,536 [WARN] DbFile:41 - Overriding database path with different value: C:\Users\emily\.stmcufinder\plugins\mcufinder/ => C:\Users\emily\.stmcufinder\plugins\mcufinder
2023-11-02 15:08:50,536 [INFO] CrossReferenceDbSqlite:203 - Set database path to: C:\Users\emily\.stmcufinder\plugins\mcufinder//mcu/cs/
2023-11-02 15:08:50,582 [INFO] ApplicationProperties:184 - Using Application install path: C:\ST\STM32CubeIDE_1.13.2\STM32CubeIDE\plugins\com.st.stm32cube.common.mx_6.9.2.202309101412
2023-11-02 15:08:50,587 [INFO] PluginManage:196 - Search for loadable plugins [exclusion list=, ]
2023-11-02 15:08:50,591 [INFO] PluginManage:310 - Check plugin analytics
2023-11-02 15:08:51,002 [INFO] AnalyticsPlugin:253 - Accepted Software Licenses: 
2023-11-02 15:08:51,003 [INFO] AnalyticsPlugin:255 - Accepted CMSIS Pack Licenses: 
2023-11-02 15:08:51,003 [INFO] AnalyticsPlugin:257 - Accepted Firmware Licenses: FW.F4.1.27.0
2023-11-02 15:08:51,008 [INFO] PluginManage:359 - Loaded plugin analytics (category:tool,tabindex:-1)
2023-11-02 15:08:51,008 [INFO] PluginManage:310 - Check plugin cadmodel
2023-11-02 15:08:51,020 [INFO] CADModel:105 - Init CAD model plugin
2023-11-02 15:08:51,020 [INFO] PluginManage:359 - Loaded plugin cadmodel (category:power,tabindex:5)
2023-11-02 15:08:51,021 [INFO] PluginManage:310 - Check plugin clock
2023-11-02 15:08:51,038 [INFO] PluginManage:359 - Loaded plugin clock (category:base,tabindex:2)
2023-11-02 15:08:51,039 [INFO] PluginManage:310 - Check plugin ddr
2023-11-02 15:08:51,043 [INFO] PluginManage:359 - Loaded plugin ddr (category:tool,tabindex:6)
2023-11-02 15:08:51,043 [INFO] PluginManage:310 - Check plugin filemanager
2023-11-02 15:08:51,295 [INFO] PluginManage:359 - Loaded plugin filemanager (category:base,tabindex:10)
2023-11-02 15:08:51,295 [INFO] PluginManage:310 - Check plugin ipmanager
2023-11-02 15:08:51,314 [INFO] PluginManage:359 - Loaded plugin ipmanager (category:base,tabindex:5)
2023-11-02 15:08:51,315 [INFO] PluginManage:310 - Check plugin lpbam
2023-11-02 15:08:51,340 [INFO] PluginManage:359 - Loaded plugin lpbam (category:base,tabindex:0)
2023-11-02 15:08:51,342 [INFO] PluginManage:310 - Check plugin memorymap
2023-11-02 15:08:51,380 [INFO] PluginManage:359 - Loaded plugin memorymap (category:base,tabindex:4)
2023-11-02 15:08:51,380 [INFO] PluginManage:310 - Check plugin pinoutandconfiguration
2023-11-02 15:08:51,409 [INFO] PluginManage:359 - Loaded plugin pinoutandconfiguration (category:base,tabindex:1)
2023-11-02 15:08:51,410 [INFO] PluginManage:310 - Check plugin pinoutconfig
2023-11-02 15:08:51,627 [WARN] SupportedApi:132 - Cannot load RTOS API schema: s4s-elt-must-match.1: The content of 'definitions' must match (annotation?, (simpleType | complexType)?, (unique | key | keyref)*)). A problem was found starting at: attribute.
2023-11-02 15:08:51,918 [INFO] PluginManage:359 - Loaded plugin pinoutconfig (category:base,tabindex:0)
2023-11-02 15:08:51,918 [INFO] PluginManage:310 - Check plugin power
2023-11-02 15:08:51,938 [INFO] PluginManage:359 - Loaded plugin power (category:power,tabindex:4)
2023-11-02 15:08:51,939 [INFO] PluginManage:310 - Check plugin projectmanager
2023-11-02 15:08:51,965 [INFO] PluginManage:359 - Loaded plugin projectmanager (category:projectmanager,tabindex:3)
2023-11-02 15:08:51,965 [INFO] PluginManage:310 - Check plugin thirdparty
2023-11-02 15:08:52,285 [INFO] PluginManage:359 - Loaded plugin thirdparty (category:base,tabindex:-1)
2023-11-02 15:08:52,285 [WARN] IntegrityCheckThread:84 - waiting for thirdparty lock release [integrity check]
2023-11-02 15:08:52,286 [INFO] PluginManage:310 - Check plugin tools
2023-11-02 15:08:52,286 [INFO] IntegrityCheckThread:86 - entering critical section [integrity check]
2023-11-02 15:08:52,287 [INFO] ThirdPartyUpdaterWithRetryManager:70 - Updater plugin not ready yet. [1/15]
2023-11-02 15:08:52,291 [INFO] PluginManage:359 - Loaded plugin tools (category:base,tabindex:7)
2023-11-02 15:08:52,291 [INFO] PluginManage:310 - Check plugin tutovideos
2023-11-02 15:08:52,693 [INFO] PluginManage:359 - Loaded plugin tutovideos (category:base,tabindex:-1)
2023-11-02 15:08:52,693 [INFO] PluginManage:310 - Check plugin updater
2023-11-02 15:08:52,717 [INFO] PluginManage:359 - Loaded plugin updater (category:base,tabindex:12)
2023-11-02 15:08:52,717 [INFO] PluginManage:310 - Check plugin userauth
2023-11-02 15:08:52,727 [INFO] UserAuth:113 - Init User Auth plugin
2023-11-02 15:08:52,727 [INFO] PluginManage:359 - Loaded plugin userauth (category:base,tabindex:14)
2023-11-02 15:08:52,728 [INFO] PluginManage:283 - PluginManage : Loaded plugins [17]
2023-11-02 15:08:53,131 [INFO] PinOutPanel:1499 - setPackage(No Configuration,No Configuration)
2023-11-02 15:08:53,332 [INFO] CADModel:165 - CPN selected for project level
2023-11-02 15:08:53,333 [INFO] CADModel:114 - Register for checkConnection events
2023-11-02 15:08:53,360 [INFO] IPUIPlugin:80 - create IPUIPlugin
2023-11-02 15:08:53,360 [INFO] PluginManager:220 - loadIPPluginJar : add adc
2023-11-02 15:08:53,364 [INFO] IPUIPlugin:80 - create IPUIPlugin
2023-11-02 15:08:53,365 [INFO] PluginManager:220 - loadIPPluginJar : add aes
2023-11-02 15:08:53,369 [INFO] IPUIPlugin:80 - create IPUIPlugin
2023-11-02 15:08:53,370 [INFO] PluginManager:220 - loadIPPluginJar : add can
2023-11-02 15:08:53,372 [INFO] IPUIPlugin:80 - create IPUIPlugin
2023-11-02 15:08:53,373 [INFO] PluginManager:220 - loadIPPluginJar : add comp
2023-11-02 15:08:53,378 [INFO] IPUIPlugin:80 - create IPUIPlugin
2023-11-02 15:08:53,378 [INFO] PluginManager:220 - loadIPPluginJar : add cryp
2023-11-02 15:08:53,384 [INFO] IPUIPlugin:80 - create IPUIPlugin
2023-11-02 15:08:53,384 [INFO] PluginManager:220 - loadIPPluginJar : add dfsdm
2023-11-02 15:08:53,395 [INFO] IPUIPlugin:80 - create IPUIPlugin
2023-11-02 15:08:53,396 [INFO] PluginManager:220 - loadIPPluginJar : add dma
2023-11-02 15:08:53,402 [INFO] IPUIPlugin:80 - create IPUIPlugin
2023-11-02 15:08:53,402 [INFO] PluginManager:220 - loadIPPluginJar : add dma3
2023-11-02 15:08:53,405 [INFO] IPUIPlugin:80 - create IPUIPlugin
2023-11-02 15:08:53,407 [INFO] PluginManager:220 - loadIPPluginJar : add fatfs
2023-11-02 15:08:53,415 [INFO] IPUIPlugin:80 - create IPUIPlugin
2023-11-02 15:08:53,416 [INFO] PluginManager:220 - loadIPPluginJar : add fmc
2023-11-02 15:08:53,429 [INFO] IPUIPlugin:80 - create IPUIPlugin
2023-11-02 15:08:53,430 [INFO] PluginManager:220 - loadIPPluginJar : add freertos
2023-11-02 15:08:53,433 [INFO] IPUIPlugin:80 - create IPUIPlugin
2023-11-02 15:08:53,433 [INFO] PluginManager:220 - loadIPPluginJar : add genericplugin
2023-11-02 15:08:53,440 [INFO] IPUIPlugin:80 - create IPUIPlugin
2023-11-02 15:08:53,440 [INFO] PluginManager:220 - loadIPPluginJar : add gfxmmu
2023-11-02 15:08:53,453 [INFO] IPUIPlugin:80 - create IPUIPlugin
2023-11-02 15:08:53,453 [INFO] PluginManager:220 - loadIPPluginJar : add gic
2023-11-02 15:08:53,462 [INFO] IPUIPlugin:80 - create IPUIPlugin
2023-11-02 15:08:53,462 [INFO] PluginManager:220 - loadIPPluginJar : add gpio
2023-11-02 15:08:53,469 [INFO] IPUIPlugin:80 - create IPUIPlugin
2023-11-02 15:08:53,470 [INFO] PluginManager:220 - loadIPPluginJar : add gtzc
2023-11-02 15:08:53,476 [INFO] IPUIPlugin:80 - create IPUIPlugin
2023-11-02 15:08:53,476 [INFO] PluginManager:220 - loadIPPluginJar : add hash
2023-11-02 15:08:53,482 [INFO] IPUIPlugin:80 - create IPUIPlugin
2023-11-02 15:08:53,482 [INFO] PluginManager:220 - loadIPPluginJar : add i2c
2023-11-02 15:08:53,488 [INFO] IPUIPlugin:80 - create IPUIPlugin
2023-11-02 15:08:53,488 [INFO] PluginManager:220 - loadIPPluginJar : add i2s
2023-11-02 15:08:53,496 [INFO] IPUIPlugin:80 - create IPUIPlugin
2023-11-02 15:08:53,496 [INFO] PluginManager:220 - loadIPPluginJar : add i3c
2023-11-02 15:08:53,503 [INFO] IPUIPlugin:80 - create IPUIPlugin
2023-11-02 15:08:53,503 [INFO] PluginManager:220 - loadIPPluginJar : add ipddr
2023-11-02 15:08:53,519 [INFO] IPUIPlugin:80 - create IPUIPlugin
2023-11-02 15:08:53,520 [INFO] PluginManager:220 - loadIPPluginJar : add linkedlist
2023-11-02 15:08:53,526 [INFO] IPUIPlugin:80 - create IPUIPlugin
2023-11-02 15:08:53,526 [INFO] PluginManager:220 - loadIPPluginJar : add lorawan
2023-11-02 15:08:53,530 [INFO] IPUIPlugin:80 - create IPUIPlugin
2023-11-02 15:08:53,530 [INFO] PluginManager:220 - loadIPPluginJar : add ltdc
2023-11-02 15:08:53,544 [INFO] IPUIPlugin:80 - create IPUIPlugin
2023-11-02 15:08:53,545 [INFO] PluginManager:220 - loadIPPluginJar : add mdma
2023-11-02 15:08:53,554 [INFO] IPUIPlugin:80 - create IPUIPlugin
2023-11-02 15:08:53,555 [INFO] PluginManager:220 - loadIPPluginJar : add nvic
2023-11-02 15:08:53,561 [INFO] IPUIPlugin:80 - create IPUIPlugin
2023-11-02 15:08:53,561 [INFO] PluginManager:220 - loadIPPluginJar : add opamp
2023-11-02 15:08:53,570 [INFO] IPUIPlugin:80 - create IPUIPlugin
2023-11-02 15:08:53,571 [INFO] PluginManager:220 - loadIPPluginJar : add openamp
2023-11-02 15:08:53,579 [INFO] IPUIPlugin:80 - create IPUIPlugin
2023-11-02 15:08:53,579 [INFO] PluginManager:220 - loadIPPluginJar : add pdm2pcm
2023-11-02 15:08:53,594 [INFO] IPUIPlugin:80 - create IPUIPlugin
2023-11-02 15:08:53,601 [INFO] PluginManager:220 - loadIPPluginJar : add plateformsettings
2023-11-02 15:08:53,606 [INFO] IPUIPlugin:80 - create IPUIPlugin
2023-11-02 15:08:53,606 [INFO] PluginManager:220 - loadIPPluginJar : add quadspi
2023-11-02 15:08:53,617 [INFO] IPUIPlugin:80 - create IPUIPlugin
2023-11-02 15:08:53,617 [INFO] PluginManager:220 - loadIPPluginJar : add resmgrutility
2023-11-02 15:08:53,624 [INFO] IPUIPlugin:80 - create IPUIPlugin
2023-11-02 15:08:53,626 [INFO] PluginManager:220 - loadIPPluginJar : add sai
2023-11-02 15:08:53,632 [INFO] IPUIPlugin:80 - create IPUIPlugin
2023-11-02 15:08:53,633 [INFO] PluginManager:220 - loadIPPluginJar : add spi
2023-11-02 15:08:53,645 [INFO] IPUIPlugin:80 - create IPUIPlugin
2023-11-02 15:08:53,645 [INFO] PluginManager:220 - loadIPPluginJar : add stm32_wpan
2023-11-02 15:08:53,652 [INFO] IPUIPlugin:80 - create IPUIPlugin
2023-11-02 15:08:53,652 [INFO] PluginManager:220 - loadIPPluginJar : add tim
2023-11-02 15:08:53,660 [INFO] IPUIPlugin:80 - create IPUIPlugin
2023-11-02 15:08:53,660 [INFO] PluginManager:220 - loadIPPluginJar : add touchsensing
2023-11-02 15:08:53,666 [INFO] IPUIPlugin:80 - create IPUIPlugin
2023-11-02 15:08:53,666 [INFO] PluginManager:220 - loadIPPluginJar : add tracer_emb
2023-11-02 15:08:53,671 [INFO] IPUIPlugin:80 - create IPUIPlugin
2023-11-02 15:08:53,671 [INFO] PluginManager:220 - loadIPPluginJar : add ts
2023-11-02 15:08:53,676 [INFO] IPUIPlugin:80 - create IPUIPlugin
2023-11-02 15:08:53,676 [INFO] PluginManager:220 - loadIPPluginJar : add tsc
2023-11-02 15:08:53,682 [INFO] IPUIPlugin:80 - create IPUIPlugin
2023-11-02 15:08:53,683 [INFO] PluginManager:220 - loadIPPluginJar : add ucpd
2023-11-02 15:08:53,692 [INFO] IPUIPlugin:80 - create IPUIPlugin
2023-11-02 15:08:53,693 [INFO] PluginManager:220 - loadIPPluginJar : add usart
2023-11-02 15:08:53,701 [INFO] IPUIPlugin:80 - create IPUIPlugin
2023-11-02 15:08:53,701 [INFO] PluginManager:220 - loadIPPluginJar : add usbx
2023-11-02 15:08:53,913 [INFO] CADModel:165 - CPN selected for project level
2023-11-02 15:08:53,913 [INFO] CADModel:114 - Register for checkConnection events
2023-11-02 15:08:53,914 [FATAL] Updater:308 - Updater called before beeing initialized
2023-11-02 15:08:53,914 [ERROR] CADModel:125 - Updater not yet initialized, retry later 
2023-11-02 15:08:54,393 [INFO] CADModel:165 - CPN selected for project level
2023-11-02 15:08:54,393 [INFO] CADModel:114 - Register for checkConnection events
2023-11-02 15:08:54,394 [FATAL] Updater:308 - Updater called before beeing initialized
2023-11-02 15:08:54,394 [ERROR] CADModel:125 - Updater not yet initialized, retry later 
2023-11-02 15:08:54,403 [FATAL] Updater:308 - Updater called before beeing initialized
2023-11-02 15:08:54,629 [FATAL] Updater:308 - Updater called before beeing initialized
2023-11-02 15:08:54,642 [INFO] DbMcusAds:53 - JSON generation date=Tue Mar 07 00:50:55 PST 2023 (1678179055114)
2023-11-02 15:08:54,643 [FATAL] Updater:308 - Updater called before beeing initialized
2023-11-02 15:08:54,718 [WARN] DetailPanel:346 - Failed to get advertising image, set to default
2023-11-02 15:08:54,905 [FATAL] Updater:308 - Updater called before beeing initialized
2023-11-02 15:08:54,908 [FATAL] Updater:308 - Updater called before beeing initialized
2023-11-02 15:08:54,908 [FATAL] Updater:308 - Updater called before beeing initialized
2023-11-02 15:08:54,910 [WARN] DetailPanel:346 - Failed to get advertising image, set to default
2023-11-02 15:08:54,911 [FATAL] Updater:308 - Updater called before beeing initialized
2023-11-02 15:08:55,041 [ERROR] Updater:1120 - MainUpdater not yet initialized. External WinMGr cannot be set.
2023-11-02 15:08:55,045 [INFO] Updater:1056 - Updater Version found : 6.9.2
2023-11-02 15:08:55,086 [INFO] ApplicationProperties:184 - Using Application install path: C:\ST\STM32CubeIDE_1.13.2\STM32CubeIDE\plugins\com.st.stm32cube.common.mx_6.9.2.202309101412
2023-11-02 15:08:55,271 [INFO] MainUpdater:2868 - connection check result : 10
2023-11-02 15:08:55,272 [INFO] MainUpdater:285 - Updater Check For Update Now.
2023-11-02 15:08:55,273 [INFO] MicroXplorer:498 - Change Database Version : DB.6.0.92
2023-11-02 15:08:55,285 [INFO] McuFinderGlobals:63 - Set McuFinder mode to 2 (CubeIDE integrated)
2023-11-02 15:08:55,285 [INFO] UserAuth:179 - activating auth plugin
2023-11-02 15:08:55,288 [WARN] MainUpdater:1189 - Updater busy. Cannot search thirdparties
2023-11-02 15:08:55,288 [INFO] ThirdPartyUpdaterWithRetryManager:96 - Updater plugin is busy. [1/15]
2023-11-02 15:08:55,291 [INFO] UserAuth:393 - Internet connection configuration mode: 1
2023-11-02 15:08:55,324 [INFO] JxBrowserEngine:151 - Initiate JxBrowser Engine with user profile folder
2023-11-02 15:08:55,527 [INFO] CheckServerUpdateThread:120 - End of CheckServer Thread
2023-11-02 15:08:58,138 [INFO] WebApp:157 - Instantiating new browser for Auth
2023-11-02 15:08:58,941 [WARN] PackLoader:240 - Cannot read IP mode file for STMicroelectronics.X-CUBE-SMBUS.2.1.0
2023-11-02 15:08:59,026 [WARN] PackLoader:240 - Cannot read IP mode file for STMicroelectronics.X-CUBE-AZRTOS-F7.1.1.0
2023-11-02 15:08:59,062 [WARN] PackLoader:240 - Cannot read IP mode file for STMicroelectronics.FP-SNS-MOTENV1.4.3.2
2023-11-02 15:08:59,083 [WARN] PackLoader:240 - Cannot read IP mode file for STMicroelectronics.FP-SNS-FLIGHT1.5.0.2
2023-11-02 15:08:59,106 [WARN] PackLoader:240 - Cannot read IP mode file for STMicroelectronics.X-CUBE-DISPLAY.3.0.0
2023-11-02 15:08:59,139 [WARN] PackLoader:240 - Cannot read IP mode file for STMicroelectronics.X-CUBE-BLE1.7.0.0
2023-11-02 15:08:59,156 [WARN] PackLoader:240 - Cannot read IP mode file for emotas.I-CUBE-CANOPEN.1.3.0
2023-11-02 15:08:59,168 [WARN] PackLoader:240 - Cannot read IP mode file for STMicroelectronics.X-CUBE-TOUCHGFX.4.22.0
2023-11-02 15:08:59,175 [WARN] PackLoader:240 - Cannot read IP mode file for STMicroelectronics.X-CUBE-TOUCHGFX.4.22.1
2023-11-02 15:08:59,187 [WARN] PackLoader:240 - Cannot read IP mode file for STMicroelectronics.FP-SNS-SMARTAG2.1.2.0
2023-11-02 15:08:59,226 [INFO] LogOutputStream:77 - [STDOUT_REDIRECT] 1 : Invalid condition id : UX_CORESTACK_Condition cause : null
2023-11-02 15:08:59,229 [INFO] LogOutputStream:77 - [STDOUT_REDIRECT] 1 : Invalid condition id : UX_CORESTACK_Condition cause : null
2023-11-02 15:08:59,232 [INFO] LogOutputStream:77 - [STDOUT_REDIRECT] 1 : Invalid condition id : UX_CORESTACK_Condition cause : null
2023-11-02 15:08:59,235 [INFO] LogOutputStream:77 - [STDOUT_REDIRECT] 1 : Invalid condition id : UX_CORESTACK_Condition cause : null
2023-11-02 15:08:59,239 [INFO] LogOutputStream:77 - [STDOUT_REDIRECT] 1 : Invalid condition id : UX_CORESTACK_Condition cause : null
2023-11-02 15:08:59,252 [WARN] PackLoader:240 - Cannot read IP mode file for STMicroelectronics.X-CUBE-AZRTOS-WL.2.0.0
2023-11-02 15:08:59,275 [WARN] PackLoader:240 - Cannot read IP mode file for WES.I-CUBE-Cesium.1.3.0
2023-11-02 15:08:59,289 [WARN] PackLoader:240 - Cannot read IP mode file for STMicroelectronics.X-CUBE-BLE2.3.3.0
2023-11-02 15:08:59,304 [WARN] PackLoader:240 - Cannot read IP mode file for STMicroelectronics.X-CUBE-ALGOBUILD.1.3.0
2023-11-02 15:08:59,368 [WARN] PackLoader:240 - Cannot read IP mode file for STMicroelectronics.X-CUBE-AZRTOS-G0.1.1.0
2023-11-02 15:08:59,397 [WARN] PackLoader:240 - Cannot read IP mode file for STMicroelectronics.X-CUBE-NFC4.3.0.0
2023-11-02 15:08:59,450 [WARN] PackLoader:240 - Cannot read IP mode file for STMicroelectronics.X-CUBE-BLEMGR.3.0.0
2023-11-02 15:08:59,553 [WARN] PackLoader:240 - Cannot read IP mode file for STMicroelectronics.FP-ATR-SIGFOX1.3.2.0
2023-11-02 15:08:59,670 [WARN] PackLoader:240 - Cannot read IP mode file for SEGGER.I-CUBE-embOS.1.3.1
2023-11-02 15:08:59,887 [WARN] PackLoader:240 - Cannot read IP mode file for STMicroelectronics.X-CUBE-GNSS1.6.0.0
2023-11-02 15:08:59,941 [WARN] PackLoader:240 - Cannot read IP mode file for STMicroelectronics.X-CUBE-AZRTOS-F4.1.1.0
2023-11-02 15:08:59,970 [WARN] PackLoader:240 - Cannot read IP mode file for wolfSSL.I-CUBE-wolfSSL.5.6.3
2023-11-02 15:09:00,021 [WARN] PackLoader:240 - Cannot read IP mode file for STMicroelectronics.X-CUBE-AZRTOS-L5.2.0.0
2023-11-02 15:09:00,180 [WARN] PackLoader:240 - Cannot read IP mode file for STMicroelectronics.X-CUBE-MEMS1.9.6.0
2023-11-02 15:09:00,485 [INFO] WebApp:753 - Register for checkConnection events
2023-11-02 15:09:00,485 [INFO] WebApp:390 - Apply proxy settings
2023-11-02 15:09:00,486 [INFO] WebApp:475 - Chromium requires no authentication
2023-11-02 15:09:00,507 [INFO] WebApp:418 - Direct internet connection detected
2023-11-02 15:09:00,698 [WARN] PackLoader:240 - Cannot read IP mode file for STMicroelectronics.X-CUBE-EEPRMA1.4.2.0
2023-11-02 15:09:00,718 [WARN] PackLoader:240 - Cannot read IP mode file for ITTIA_DB.I-CUBE-ITTIADB.8.8.0
2023-11-02 15:09:00,735 [WARN] PackLoader:240 - Cannot read IP mode file for STMicroelectronics.X-CUBE-BLEMGR.2.0.0
2023-11-02 15:09:00,792 [WARN] ConditionMgr:438 - getConditionDescription Invalid condition id : UX DEVICE CLASS RTOS Condition cause : null
2023-11-02 15:09:00,793 [WARN] ConditionMgr:438 - getConditionDescription Invalid condition id : UX DEVICE CLASS RTOS Condition cause : null
2023-11-02 15:09:00,802 [WARN] PackLoader:240 - Cannot read IP mode file for STMicroelectronics.X-CUBE-AZRTOS-H7.3.1.0
2023-11-02 15:09:00,804 [WARN] ConditionMgr:1039 - genDependencies : Invalid condition id : UX DEVICE CLASS RTOS Condition cause : null
2023-11-02 15:09:00,804 [WARN] ConditionMgr:1039 - genDependencies : Invalid condition id : UX DEVICE CLASS RTOS Condition cause : null
2023-11-02 15:09:00,806 [WARN] ConditionMgr:1039 - genDependencies : Invalid condition id : UX DEVICE CLASS RTOS Condition cause : null
2023-11-02 15:09:00,807 [WARN] ConditionMgr:1039 - genDependencies : Invalid condition id : UX DEVICE CLASS RTOS Condition cause : null
2023-11-02 15:09:00,807 [WARN] ConditionMgr:1039 - genDependencies : Invalid condition id : UX DEVICE CLASS RTOS Condition cause : null
2023-11-02 15:09:00,822 [WARN] PackLoader:240 - Cannot read IP mode file for STMicroelectronics.X-CUBE-NFC7.1.0.1
2023-11-02 15:09:00,841 [WARN] PackLoader:240 - Cannot read IP mode file for STMicroelectronics.X-CUBE-NFC6.3.0.0
2023-11-02 15:09:00,856 [WARN] PackLoader:240 - Cannot read IP mode file for STMicroelectronics.X-CUBE-EEPRMA1.4.1.0
2023-11-02 15:09:00,867 [WARN] PackLoader:240 - Cannot read IP mode file for STMicroelectronics.X-CUBE-AI.8.1.0
2023-11-02 15:09:00,917 [WARN] ConditionMgr:438 - getConditionDescription Invalid condition id : LAN8742 Phy interface Condition cause : null
2023-11-02 15:09:00,918 [WARN] PackLoader:240 - Cannot read IP mode file for STMicroelectronics.X-CUBE-AZRTOS-L4.2.0.0
2023-11-02 15:09:00,922 [WARN] ConditionMgr:1039 - genDependencies : Invalid condition id : LAN8742 Phy interface Condition cause : null
2023-11-02 15:09:00,923 [WARN] ConditionMgr:1039 - genDependencies : Invalid condition id : LAN8742 Phy interface Condition cause : null
2023-11-02 15:09:00,925 [WARN] ConditionMgr:1039 - genDependencies : Invalid condition id : LAN8742 Phy interface Condition cause : null
2023-11-02 15:09:00,945 [WARN] PackLoader:240 - Cannot read IP mode file for STMicroelectronics.X-CUBE-SFXS2LP1.4.0.0
2023-11-02 15:09:00,958 [WARN] PackLoader:240 - Cannot read IP mode file for STMicroelectronics.X-CUBE-ISPU.1.1.0
2023-11-02 15:09:01,006 [WARN] ConditionMgr:438 - getConditionDescription Invalid condition id : UX DEVICE CLASS RTOS Condition cause : null
2023-11-02 15:09:01,006 [WARN] ConditionMgr:438 - getConditionDescription Invalid condition id : UX DEVICE CLASS RTOS Condition cause : null
2023-11-02 15:09:01,009 [INFO] WebApp:188 - Starting web application
2023-11-02 15:09:01,010 [INFO] WebApp:520 - Web application path used C:\ST\STM32CubeIDE_1.13.2\STM32CubeIDE\plugins\com.st.stm32cube.common.mx_6.9.2.202309101412\db\plugins\mcufinder\reactClient1\index.html
2023-11-02 15:09:01,013 [WARN] PackLoader:240 - Cannot read IP mode file for STMicroelectronics.X-CUBE-AZRTOS-WB.2.0.0
2023-11-02 15:09:01,014 [WARN] ConditionMgr:1039 - genDependencies : Invalid condition id : UX DEVICE CLASS RTOS Condition cause : null
2023-11-02 15:09:01,015 [WARN] ConditionMgr:1039 - genDependencies : Invalid condition id : UX DEVICE CLASS RTOS Condition cause : null
2023-11-02 15:09:01,017 [WARN] ConditionMgr:1039 - genDependencies : Invalid condition id : UX DEVICE CLASS RTOS Condition cause : null
2023-11-02 15:09:01,019 [WARN] ConditionMgr:1039 - genDependencies : Invalid condition id : UX DEVICE CLASS RTOS Condition cause : null
2023-11-02 15:09:01,019 [WARN] ConditionMgr:1039 - genDependencies : Invalid condition id : UX DEVICE CLASS RTOS Condition cause : null
2023-11-02 15:09:01,058 [WARN] PackLoader:240 - Cannot read IP mode file for STMicroelectronics.X-CUBE-SUBG2.5.0.0
2023-11-02 15:09:01,109 [WARN] PackLoader:240 - Cannot read IP mode file for STMicroelectronics.X-CUBE-TOF1.3.3.1
2023-11-02 15:09:01,182 [WARN] PackLoader:240 - Cannot read IP mode file for STMicroelectronics.X-CUBE-AZRTOS-G4.2.0.0
2023-11-02 15:09:01,220 [WARN] PackLoader:240 - Cannot read IP mode file for Infineon.AIROC-Wi-Fi-Bluetooth-STM32.1.5.1
2023-11-02 15:09:01,343 [WARN] PackLoader:240 - Cannot read IP mode file for STMicroelectronics.X-CUBE-MEMS1.10.0.0
2023-11-02 15:09:01,825 [WARN] PackLoader:240 - Cannot read IP mode file for STMicroelectronics.X-CUBE-FREERTOS.1.1.0
2023-11-02 15:09:01,839 [WARN] PackLoader:240 - Cannot read IP mode file for portGmbH.I-Cube-SoM-uGOAL.1.1.0
2023-11-02 15:09:01,848 [WARN] PackLoader:240 - Cannot read IP mode file for STMicroelectronics.X-CUBE-ALS.1.0.1
2023-11-02 15:09:01,860 [WARN] PackLoader:240 - Cannot read IP mode file for STMicroelectronics.FP-ATR-ASTRA1.2.0.0
2023-11-02 15:09:01,862 [INFO] ThirdParty:978 - Integrity check success = true
2023-11-02 15:09:01,862 [INFO] IntegrityCheckThread:100 - exiting critical section [integrity check]
2023-11-02 15:09:01,862 [INFO] IntegrityCheckThread:103 - End integrity checks thread
2023-11-02 15:09:22,996 [ERROR] LogOutputStream:75 - [STDERR_REDIRECT] SLF4J: Failed to load class "org.slf4j.impl.StaticLoggerBinder".
2023-11-02 15:09:22,997 [ERROR] LogOutputStream:75 - [STDERR_REDIRECT] SLF4J: Defaulting to no-operation (NOP) logger implementation
2023-11-02 15:09:23,001 [ERROR] LogOutputStream:75 - [STDERR_REDIRECT] SLF4J: See http://www.slf4j.org/codes.html#StaticLoggerBinder for further details.
2023-11-02 15:19:44,185 [ERROR] LogOutputStream:75 - [STDERR_REDIRECT] 
2023-11-02 15:20:33,524 [INFO] Activator:176 - 


2023-11-02 15:20:33,528 [INFO] Activator:177 - !SESSION log4j initialized
2023-11-02 15:20:45,859 [INFO] LogOutputStream:77 - [STDOUT_REDIRECT] 
2023-11-02 15:20:50,167 [INFO] ApplicationProperties:184 - Using Application install path: C:\ST\STM32CubeIDE_1.13.2\STM32CubeIDE\plugins\com.st.stm32cube.common.mx_6.9.2.202309101412
2023-11-02 15:20:50,210 [INFO] DbMcusXml:78 - Set database path to: C:\ST\STM32CubeIDE_1.13.2\STM32CubeIDE\plugins\com.st.stm32cube.common.mx_6.9.2.202309101412\\db\/mcu/
2023-11-02 15:20:50,211 [INFO] ApiDb:274 - Set plugin database path to: C:\ST\STM32CubeIDE_1.13.2\STM32CubeIDE\plugins\com.st.stm32cube.common.mx_6.9.2.202309101412\\db\/plugins/boardmanager/
2023-11-02 15:20:50,212 [WARN] ApiDb:259 - Overriding images path with different value:  => C:\ST\STM32CubeIDE_1.13.2\STM32CubeIDE\plugins\com.st.stm32cube.common.mx_6.9.2.202309101412\\db\/plugins/mcufinder/images/
2023-11-02 15:20:50,234 [INFO] ApiDb:250 - Set database path to: C:\Users\emily\.stmcufinder\plugins\mcufinder//mcu/
2023-11-02 15:20:50,237 [INFO] DbMcusAds:125 - Set database path to: C:\Users\emily\.stmcufinder\plugins\mcufinder//mcu/
2023-11-02 15:20:50,243 [INFO] CrossReferenceDbSqlite:203 - Set database path to: C:\Users\emily\.stmcufinder\plugins\mcufinder//mcu/cs/
2023-11-02 15:20:50,543 [INFO] RulesReader:64 - Compatibility file has been processed (293 Rules)
2023-11-02 15:20:50,770 [INFO] DbMcusXml:78 - Set database path to: C:\ST\STM32CubeIDE_1.13.2\STM32CubeIDE\plugins\com.st.stm32cube.common.mx_6.9.2.202309101412\\db\/mcu/
2023-11-02 15:20:50,772 [INFO] ApiDb:274 - Set plugin database path to: C:\ST\STM32CubeIDE_1.13.2\STM32CubeIDE\plugins\com.st.stm32cube.common.mx_6.9.2.202309101412\\db\/plugins/boardmanager/
2023-11-02 15:20:50,772 [INFO] ApiDb:261 - Set plugin images path to: C:\ST\STM32CubeIDE_1.13.2\STM32CubeIDE\plugins\com.st.stm32cube.common.mx_6.9.2.202309101412\\db\/plugins/mcufinder/images/
2023-11-02 15:20:50,772 [WARN] DbFile:41 - Overriding database path with different value: C:\Users\emily\.stmcufinder\plugins\mcufinder/ => C:\Users\emily\.stmcufinder\plugins\mcufinder
2023-11-02 15:20:50,773 [INFO] ApiDb:250 - Set database path to: C:\Users\emily\.stmcufinder\plugins\mcufinder//mcu/
2023-11-02 15:20:50,773 [WARN] DbFile:41 - Overriding database path with different value: C:\Users\emily\.stmcufinder\plugins\mcufinder/ => C:\Users\emily\.stmcufinder\plugins\mcufinder
2023-11-02 15:20:50,773 [INFO] DbMcusAds:125 - Set database path to: C:\Users\emily\.stmcufinder\plugins\mcufinder//mcu/
2023-11-02 15:20:50,774 [WARN] DbFile:41 - Overriding database path with different value: C:\Users\emily\.stmcufinder\plugins\mcufinder/ => C:\Users\emily\.stmcufinder\plugins\mcufinder
2023-11-02 15:20:50,774 [WARN] DbFile:41 - Overriding database path with different value: C:\Users\emily\.stmcufinder\plugins\mcufinder/ => C:\Users\emily\.stmcufinder\plugins\mcufinder
2023-11-02 15:20:50,775 [INFO] CrossReferenceDbSqlite:203 - Set database path to: C:\Users\emily\.stmcufinder\plugins\mcufinder//mcu/cs/
2023-11-02 15:20:50,945 [INFO] MainPanel:262 - HeapMemory: 268435456
2023-11-02 15:20:51,147 [INFO] DbMcusXml:78 - Set database path to: C:\ST\STM32CubeIDE_1.13.2\STM32CubeIDE\plugins\com.st.stm32cube.common.mx_6.9.2.202309101412\\db\/mcu/
2023-11-02 15:20:51,149 [INFO] ApiDb:274 - Set plugin database path to: C:\ST\STM32CubeIDE_1.13.2\STM32CubeIDE\plugins\com.st.stm32cube.common.mx_6.9.2.202309101412\\db\/plugins/boardmanager/
2023-11-02 15:20:51,149 [INFO] ApiDb:261 - Set plugin images path to: C:\ST\STM32CubeIDE_1.13.2\STM32CubeIDE\plugins\com.st.stm32cube.common.mx_6.9.2.202309101412\\db\/plugins/mcufinder/images/
2023-11-02 15:20:51,150 [WARN] DbFile:41 - Overriding database path with different value: C:\Users\emily\.stmcufinder\plugins\mcufinder/ => C:\Users\emily\.stmcufinder\plugins\mcufinder
2023-11-02 15:20:51,150 [INFO] ApiDb:250 - Set database path to: C:\Users\emily\.stmcufinder\plugins\mcufinder//mcu/
2023-11-02 15:20:51,150 [WARN] DbFile:41 - Overriding database path with different value: C:\Users\emily\.stmcufinder\plugins\mcufinder/ => C:\Users\emily\.stmcufinder\plugins\mcufinder
2023-11-02 15:20:51,150 [INFO] DbMcusAds:125 - Set database path to: C:\Users\emily\.stmcufinder\plugins\mcufinder//mcu/
2023-11-02 15:20:51,150 [WARN] DbFile:41 - Overriding database path with different value: C:\Users\emily\.stmcufinder\plugins\mcufinder/ => C:\Users\emily\.stmcufinder\plugins\mcufinder
2023-11-02 15:20:51,151 [WARN] DbFile:41 - Overriding database path with different value: C:\Users\emily\.stmcufinder\plugins\mcufinder/ => C:\Users\emily\.stmcufinder\plugins\mcufinder
2023-11-02 15:20:51,151 [INFO] CrossReferenceDbSqlite:203 - Set database path to: C:\Users\emily\.stmcufinder\plugins\mcufinder//mcu/cs/
2023-11-02 15:20:51,191 [INFO] ApplicationProperties:184 - Using Application install path: C:\ST\STM32CubeIDE_1.13.2\STM32CubeIDE\plugins\com.st.stm32cube.common.mx_6.9.2.202309101412
2023-11-02 15:20:51,194 [INFO] PluginManage:196 - Search for loadable plugins [exclusion list=, ]
2023-11-02 15:20:51,196 [INFO] PluginManage:310 - Check plugin analytics
2023-11-02 15:20:51,601 [INFO] AnalyticsPlugin:253 - Accepted Software Licenses: 
2023-11-02 15:20:51,601 [INFO] AnalyticsPlugin:255 - Accepted CMSIS Pack Licenses: 
2023-11-02 15:20:51,601 [INFO] AnalyticsPlugin:257 - Accepted Firmware Licenses: FW.F4.1.27.0
2023-11-02 15:20:51,611 [INFO] PluginManage:359 - Loaded plugin analytics (category:tool,tabindex:-1)
2023-11-02 15:20:51,612 [INFO] PluginManage:310 - Check plugin cadmodel
2023-11-02 15:20:51,625 [INFO] CADModel:105 - Init CAD model plugin
2023-11-02 15:20:51,625 [INFO] PluginManage:359 - Loaded plugin cadmodel (category:power,tabindex:5)
2023-11-02 15:20:51,626 [INFO] PluginManage:310 - Check plugin clock
2023-11-02 15:20:51,669 [INFO] PluginManage:359 - Loaded plugin clock (category:base,tabindex:2)
2023-11-02 15:20:51,669 [INFO] PluginManage:310 - Check plugin ddr
2023-11-02 15:20:51,685 [INFO] PluginManage:359 - Loaded plugin ddr (category:tool,tabindex:6)
2023-11-02 15:20:51,685 [INFO] PluginManage:310 - Check plugin filemanager
2023-11-02 15:20:51,967 [INFO] PluginManage:359 - Loaded plugin filemanager (category:base,tabindex:10)
2023-11-02 15:20:51,967 [INFO] PluginManage:310 - Check plugin ipmanager
2023-11-02 15:20:51,979 [INFO] PluginManage:359 - Loaded plugin ipmanager (category:base,tabindex:5)
2023-11-02 15:20:51,980 [INFO] PluginManage:310 - Check plugin lpbam
2023-11-02 15:20:51,995 [INFO] PluginManage:359 - Loaded plugin lpbam (category:base,tabindex:0)
2023-11-02 15:20:51,995 [INFO] PluginManage:310 - Check plugin memorymap
2023-11-02 15:20:52,023 [INFO] PluginManage:359 - Loaded plugin memorymap (category:base,tabindex:4)
2023-11-02 15:20:52,023 [INFO] PluginManage:310 - Check plugin pinoutandconfiguration
2023-11-02 15:20:52,034 [INFO] PluginManage:359 - Loaded plugin pinoutandconfiguration (category:base,tabindex:1)
2023-11-02 15:20:52,034 [INFO] PluginManage:310 - Check plugin pinoutconfig
2023-11-02 15:20:52,232 [WARN] SupportedApi:132 - Cannot load RTOS API schema: s4s-elt-must-match.1: The content of 'definitions' must match (annotation?, (simpleType | complexType)?, (unique | key | keyref)*)). A problem was found starting at: attribute.
2023-11-02 15:20:52,547 [INFO] PluginManage:359 - Loaded plugin pinoutconfig (category:base,tabindex:0)
2023-11-02 15:20:52,547 [INFO] PluginManage:310 - Check plugin power
2023-11-02 15:20:52,566 [INFO] PluginManage:359 - Loaded plugin power (category:power,tabindex:4)
2023-11-02 15:20:52,567 [INFO] PluginManage:310 - Check plugin projectmanager
2023-11-02 15:20:52,598 [INFO] PluginManage:359 - Loaded plugin projectmanager (category:projectmanager,tabindex:3)
2023-11-02 15:20:52,598 [INFO] PluginManage:310 - Check plugin thirdparty
2023-11-02 15:20:52,897 [INFO] PluginManage:359 - Loaded plugin thirdparty (category:base,tabindex:-1)
2023-11-02 15:20:52,897 [INFO] PluginManage:310 - Check plugin tools
2023-11-02 15:20:52,897 [WARN] IntegrityCheckThread:84 - waiting for thirdparty lock release [integrity check]
2023-11-02 15:20:52,898 [INFO] IntegrityCheckThread:86 - entering critical section [integrity check]
2023-11-02 15:20:52,899 [INFO] ThirdPartyUpdaterWithRetryManager:70 - Updater plugin not ready yet. [1/15]
2023-11-02 15:20:52,903 [INFO] PluginManage:359 - Loaded plugin tools (category:base,tabindex:7)
2023-11-02 15:20:52,903 [INFO] PluginManage:310 - Check plugin tutovideos
2023-11-02 15:20:53,371 [INFO] PluginManage:359 - Loaded plugin tutovideos (category:base,tabindex:-1)
2023-11-02 15:20:53,372 [INFO] PluginManage:310 - Check plugin updater
2023-11-02 15:20:53,394 [INFO] PluginManage:359 - Loaded plugin updater (category:base,tabindex:12)
2023-11-02 15:20:53,394 [INFO] PluginManage:310 - Check plugin userauth
2023-11-02 15:20:53,405 [INFO] UserAuth:113 - Init User Auth plugin
2023-11-02 15:20:53,405 [INFO] PluginManage:359 - Loaded plugin userauth (category:base,tabindex:14)
2023-11-02 15:20:53,407 [INFO] PluginManage:283 - PluginManage : Loaded plugins [17]
2023-11-02 15:20:53,893 [INFO] PinOutPanel:1499 - setPackage(No Configuration,No Configuration)
2023-11-02 15:20:54,093 [INFO] CADModel:165 - CPN selected for project level
2023-11-02 15:20:54,093 [INFO] CADModel:114 - Register for checkConnection events
2023-11-02 15:20:54,121 [INFO] IPUIPlugin:80 - create IPUIPlugin
2023-11-02 15:20:54,121 [INFO] PluginManager:220 - loadIPPluginJar : add adc
2023-11-02 15:20:54,126 [INFO] IPUIPlugin:80 - create IPUIPlugin
2023-11-02 15:20:54,126 [INFO] PluginManager:220 - loadIPPluginJar : add aes
2023-11-02 15:20:54,131 [INFO] IPUIPlugin:80 - create IPUIPlugin
2023-11-02 15:20:54,132 [INFO] PluginManager:220 - loadIPPluginJar : add can
2023-11-02 15:20:54,135 [INFO] IPUIPlugin:80 - create IPUIPlugin
2023-11-02 15:20:54,136 [INFO] PluginManager:220 - loadIPPluginJar : add comp
2023-11-02 15:20:54,139 [INFO] IPUIPlugin:80 - create IPUIPlugin
2023-11-02 15:20:54,140 [INFO] PluginManager:220 - loadIPPluginJar : add cryp
2023-11-02 15:20:54,144 [INFO] IPUIPlugin:80 - create IPUIPlugin
2023-11-02 15:20:54,146 [INFO] PluginManager:220 - loadIPPluginJar : add dfsdm
2023-11-02 15:20:54,156 [INFO] IPUIPlugin:80 - create IPUIPlugin
2023-11-02 15:20:54,157 [INFO] PluginManager:220 - loadIPPluginJar : add dma
2023-11-02 15:20:54,163 [INFO] IPUIPlugin:80 - create IPUIPlugin
2023-11-02 15:20:54,163 [INFO] PluginManager:220 - loadIPPluginJar : add dma3
2023-11-02 15:20:54,166 [INFO] IPUIPlugin:80 - create IPUIPlugin
2023-11-02 15:20:54,167 [INFO] PluginManager:220 - loadIPPluginJar : add fatfs
2023-11-02 15:20:54,175 [INFO] IPUIPlugin:80 - create IPUIPlugin
2023-11-02 15:20:54,175 [INFO] PluginManager:220 - loadIPPluginJar : add fmc
2023-11-02 15:20:54,185 [INFO] IPUIPlugin:80 - create IPUIPlugin
2023-11-02 15:20:54,186 [INFO] PluginManager:220 - loadIPPluginJar : add freertos
2023-11-02 15:20:54,189 [INFO] IPUIPlugin:80 - create IPUIPlugin
2023-11-02 15:20:54,189 [INFO] PluginManager:220 - loadIPPluginJar : add genericplugin
2023-11-02 15:20:54,195 [INFO] IPUIPlugin:80 - create IPUIPlugin
2023-11-02 15:20:54,196 [INFO] PluginManager:220 - loadIPPluginJar : add gfxmmu
2023-11-02 15:20:54,207 [INFO] IPUIPlugin:80 - create IPUIPlugin
2023-11-02 15:20:54,207 [INFO] PluginManager:220 - loadIPPluginJar : add gic
2023-11-02 15:20:54,215 [INFO] IPUIPlugin:80 - create IPUIPlugin
2023-11-02 15:20:54,216 [INFO] PluginManager:220 - loadIPPluginJar : add gpio
2023-11-02 15:20:54,220 [INFO] IPUIPlugin:80 - create IPUIPlugin
2023-11-02 15:20:54,220 [INFO] PluginManager:220 - loadIPPluginJar : add gtzc
2023-11-02 15:20:54,225 [INFO] IPUIPlugin:80 - create IPUIPlugin
2023-11-02 15:20:54,226 [INFO] PluginManager:220 - loadIPPluginJar : add hash
2023-11-02 15:20:54,232 [INFO] IPUIPlugin:80 - create IPUIPlugin
2023-11-02 15:20:54,232 [INFO] PluginManager:220 - loadIPPluginJar : add i2c
2023-11-02 15:20:54,237 [INFO] IPUIPlugin:80 - create IPUIPlugin
2023-11-02 15:20:54,238 [INFO] PluginManager:220 - loadIPPluginJar : add i2s
2023-11-02 15:20:54,244 [INFO] IPUIPlugin:80 - create IPUIPlugin
2023-11-02 15:20:54,244 [INFO] PluginManager:220 - loadIPPluginJar : add i3c
2023-11-02 15:20:54,250 [INFO] IPUIPlugin:80 - create IPUIPlugin
2023-11-02 15:20:54,250 [INFO] PluginManager:220 - loadIPPluginJar : add ipddr
2023-11-02 15:20:54,266 [INFO] IPUIPlugin:80 - create IPUIPlugin
2023-11-02 15:20:54,267 [INFO] PluginManager:220 - loadIPPluginJar : add linkedlist
2023-11-02 15:20:54,274 [INFO] IPUIPlugin:80 - create IPUIPlugin
2023-11-02 15:20:54,274 [INFO] PluginManager:220 - loadIPPluginJar : add lorawan
2023-11-02 15:20:54,278 [INFO] IPUIPlugin:80 - create IPUIPlugin
2023-11-02 15:20:54,279 [INFO] PluginManager:220 - loadIPPluginJar : add ltdc
2023-11-02 15:20:54,294 [INFO] IPUIPlugin:80 - create IPUIPlugin
2023-11-02 15:20:54,294 [INFO] PluginManager:220 - loadIPPluginJar : add mdma
2023-11-02 15:20:54,303 [INFO] IPUIPlugin:80 - create IPUIPlugin
2023-11-02 15:20:54,303 [INFO] PluginManager:220 - loadIPPluginJar : add nvic
2023-11-02 15:20:54,310 [INFO] IPUIPlugin:80 - create IPUIPlugin
2023-11-02 15:20:54,310 [INFO] PluginManager:220 - loadIPPluginJar : add opamp
2023-11-02 15:20:54,317 [INFO] IPUIPlugin:80 - create IPUIPlugin
2023-11-02 15:20:54,318 [INFO] PluginManager:220 - loadIPPluginJar : add openamp
2023-11-02 15:20:54,325 [INFO] IPUIPlugin:80 - create IPUIPlugin
2023-11-02 15:20:54,325 [INFO] PluginManager:220 - loadIPPluginJar : add pdm2pcm
2023-11-02 15:20:54,339 [INFO] IPUIPlugin:80 - create IPUIPlugin
2023-11-02 15:20:54,345 [INFO] PluginManager:220 - loadIPPluginJar : add plateformsettings
2023-11-02 15:20:54,349 [INFO] IPUIPlugin:80 - create IPUIPlugin
2023-11-02 15:20:54,349 [INFO] PluginManager:220 - loadIPPluginJar : add quadspi
2023-11-02 15:20:54,356 [INFO] IPUIPlugin:80 - create IPUIPlugin
2023-11-02 15:20:54,356 [INFO] PluginManager:220 - loadIPPluginJar : add resmgrutility
2023-11-02 15:20:54,362 [INFO] IPUIPlugin:80 - create IPUIPlugin
2023-11-02 15:20:54,363 [INFO] PluginManager:220 - loadIPPluginJar : add sai
2023-11-02 15:20:54,368 [INFO] IPUIPlugin:80 - create IPUIPlugin
2023-11-02 15:20:54,368 [INFO] PluginManager:220 - loadIPPluginJar : add spi
2023-11-02 15:20:54,378 [INFO] IPUIPlugin:80 - create IPUIPlugin
2023-11-02 15:20:54,378 [INFO] PluginManager:220 - loadIPPluginJar : add stm32_wpan
2023-11-02 15:20:54,383 [INFO] IPUIPlugin:80 - create IPUIPlugin
2023-11-02 15:20:54,383 [INFO] PluginManager:220 - loadIPPluginJar : add tim
2023-11-02 15:20:54,390 [INFO] IPUIPlugin:80 - create IPUIPlugin
2023-11-02 15:20:54,391 [INFO] PluginManager:220 - loadIPPluginJar : add touchsensing
2023-11-02 15:20:54,394 [INFO] IPUIPlugin:80 - create IPUIPlugin
2023-11-02 15:20:54,394 [INFO] PluginManager:220 - loadIPPluginJar : add tracer_emb
2023-11-02 15:20:54,398 [INFO] IPUIPlugin:80 - create IPUIPlugin
2023-11-02 15:20:54,398 [INFO] PluginManager:220 - loadIPPluginJar : add ts
2023-11-02 15:20:54,400 [INFO] IPUIPlugin:80 - create IPUIPlugin
2023-11-02 15:20:54,401 [INFO] PluginManager:220 - loadIPPluginJar : add tsc
2023-11-02 15:20:54,406 [INFO] IPUIPlugin:80 - create IPUIPlugin
2023-11-02 15:20:54,406 [INFO] PluginManager:220 - loadIPPluginJar : add ucpd
2023-11-02 15:20:54,413 [INFO] IPUIPlugin:80 - create IPUIPlugin
2023-11-02 15:20:54,413 [INFO] PluginManager:220 - loadIPPluginJar : add usart
2023-11-02 15:20:54,419 [INFO] IPUIPlugin:80 - create IPUIPlugin
2023-11-02 15:20:54,419 [INFO] PluginManager:220 - loadIPPluginJar : add usbx
2023-11-02 15:20:54,611 [INFO] CADModel:165 - CPN selected for project level
2023-11-02 15:20:54,612 [INFO] CADModel:114 - Register for checkConnection events
2023-11-02 15:20:54,612 [FATAL] Updater:308 - Updater called before beeing initialized
2023-11-02 15:20:54,612 [ERROR] CADModel:125 - Updater not yet initialized, retry later 
2023-11-02 15:20:55,079 [INFO] CADModel:165 - CPN selected for project level
2023-11-02 15:20:55,080 [INFO] CADModel:114 - Register for checkConnection events
2023-11-02 15:20:55,080 [FATAL] Updater:308 - Updater called before beeing initialized
2023-11-02 15:20:55,080 [ERROR] CADModel:125 - Updater not yet initialized, retry later 
2023-11-02 15:20:55,088 [FATAL] Updater:308 - Updater called before beeing initialized
2023-11-02 15:20:55,273 [FATAL] Updater:308 - Updater called before beeing initialized
2023-11-02 15:20:55,282 [INFO] DbMcusAds:53 - JSON generation date=Tue Mar 07 00:50:55 PST 2023 (1678179055114)
2023-11-02 15:20:55,282 [FATAL] Updater:308 - Updater called before beeing initialized
2023-11-02 15:20:55,354 [WARN] DetailPanel:346 - Failed to get advertising image, set to default
2023-11-02 15:20:55,601 [FATAL] Updater:308 - Updater called before beeing initialized
2023-11-02 15:20:55,606 [FATAL] Updater:308 - Updater called before beeing initialized
2023-11-02 15:20:55,607 [FATAL] Updater:308 - Updater called before beeing initialized
2023-11-02 15:20:55,607 [WARN] DetailPanel:346 - Failed to get advertising image, set to default
2023-11-02 15:20:55,609 [FATAL] Updater:308 - Updater called before beeing initialized
2023-11-02 15:20:55,816 [ERROR] Updater:1120 - MainUpdater not yet initialized. External WinMGr cannot be set.
2023-11-02 15:20:55,823 [INFO] Updater:1056 - Updater Version found : 6.9.2
2023-11-02 15:20:55,866 [INFO] ApplicationProperties:184 - Using Application install path: C:\ST\STM32CubeIDE_1.13.2\STM32CubeIDE\plugins\com.st.stm32cube.common.mx_6.9.2.202309101412
2023-11-02 15:20:55,900 [INFO] ThirdPartyUpdaterWithRetryManager:70 - Updater plugin not ready yet. [2/15]
2023-11-02 15:20:56,082 [INFO] MainUpdater:2868 - connection check result : 10
2023-11-02 15:20:56,083 [INFO] MainUpdater:285 - Updater Check For Update Now.
2023-11-02 15:20:56,084 [INFO] MicroXplorer:498 - Change Database Version : DB.6.0.92
2023-11-02 15:20:56,094 [INFO] McuFinderGlobals:63 - Set McuFinder mode to 2 (CubeIDE integrated)
2023-11-02 15:20:56,096 [INFO] UserAuth:179 - activating auth plugin
2023-11-02 15:20:56,100 [INFO] UserAuth:393 - Internet connection configuration mode: 1
2023-11-02 15:20:56,134 [INFO] JxBrowserEngine:151 - Initiate JxBrowser Engine with user profile folder
2023-11-02 15:20:56,343 [INFO] CheckServerUpdateThread:120 - End of CheckServer Thread
2023-11-02 15:20:57,918 [INFO] WebApp:157 - Instantiating new browser for Auth
2023-11-02 15:20:59,577 [WARN] PackLoader:240 - Cannot read IP mode file for STMicroelectronics.X-CUBE-SMBUS.2.1.0
2023-11-02 15:20:59,692 [WARN] PackLoader:240 - Cannot read IP mode file for STMicroelectronics.X-CUBE-AZRTOS-F7.1.1.0
2023-11-02 15:20:59,724 [WARN] PackLoader:240 - Cannot read IP mode file for STMicroelectronics.FP-SNS-MOTENV1.4.3.2
2023-11-02 15:20:59,744 [WARN] PackLoader:240 - Cannot read IP mode file for STMicroelectronics.FP-SNS-FLIGHT1.5.0.2
2023-11-02 15:20:59,768 [WARN] PackLoader:240 - Cannot read IP mode file for STMicroelectronics.X-CUBE-DISPLAY.3.0.0
2023-11-02 15:20:59,804 [WARN] PackLoader:240 - Cannot read IP mode file for STMicroelectronics.X-CUBE-BLE1.7.0.0
2023-11-02 15:20:59,817 [WARN] PackLoader:240 - Cannot read IP mode file for emotas.I-CUBE-CANOPEN.1.3.0
2023-11-02 15:20:59,829 [WARN] PackLoader:240 - Cannot read IP mode file for STMicroelectronics.X-CUBE-TOUCHGFX.4.22.0
2023-11-02 15:20:59,834 [WARN] PackLoader:240 - Cannot read IP mode file for STMicroelectronics.X-CUBE-TOUCHGFX.4.22.1
2023-11-02 15:20:59,847 [WARN] PackLoader:240 - Cannot read IP mode file for STMicroelectronics.FP-SNS-SMARTAG2.1.2.0
2023-11-02 15:20:59,896 [INFO] LogOutputStream:77 - [STDOUT_REDIRECT] 1 : Invalid condition id : UX_CORESTACK_Condition cause : null
2023-11-02 15:20:59,897 [INFO] LogOutputStream:77 - [STDOUT_REDIRECT] 1 : Invalid condition id : UX_CORESTACK_Condition cause : null
2023-11-02 15:20:59,902 [INFO] LogOutputStream:77 - [STDOUT_REDIRECT] 1 : Invalid condition id : UX_CORESTACK_Condition cause : null
2023-11-02 15:20:59,906 [INFO] LogOutputStream:77 - [STDOUT_REDIRECT] 1 : Invalid condition id : UX_CORESTACK_Condition cause : null
2023-11-02 15:20:59,910 [INFO] LogOutputStream:77 - [STDOUT_REDIRECT] 1 : Invalid condition id : UX_CORESTACK_Condition cause : null
2023-11-02 15:20:59,931 [WARN] PackLoader:240 - Cannot read IP mode file for STMicroelectronics.X-CUBE-AZRTOS-WL.2.0.0
2023-11-02 15:20:59,977 [WARN] PackLoader:240 - Cannot read IP mode file for WES.I-CUBE-Cesium.1.3.0
2023-11-02 15:20:59,997 [INFO] WebApp:753 - Register for checkConnection events
2023-11-02 15:20:59,998 [INFO] WebApp:390 - Apply proxy settings
2023-11-02 15:20:59,999 [INFO] WebApp:475 - Chromium requires no authentication
2023-11-02 15:21:00,015 [WARN] PackLoader:240 - Cannot read IP mode file for STMicroelectronics.X-CUBE-BLE2.3.3.0
2023-11-02 15:21:00,102 [WARN] PackLoader:240 - Cannot read IP mode file for STMicroelectronics.X-CUBE-ALGOBUILD.1.3.0
2023-11-02 15:21:00,144 [INFO] WebApp:418 - Direct internet connection detected
2023-11-02 15:21:00,342 [WARN] PackLoader:240 - Cannot read IP mode file for STMicroelectronics.X-CUBE-AZRTOS-G0.1.1.0
2023-11-02 15:21:00,425 [WARN] PackLoader:240 - Cannot read IP mode file for STMicroelectronics.X-CUBE-NFC4.3.0.0
2023-11-02 15:21:00,540 [WARN] PackLoader:240 - Cannot read IP mode file for STMicroelectronics.X-CUBE-BLEMGR.3.0.0
2023-11-02 15:21:00,566 [WARN] PackLoader:240 - Cannot read IP mode file for STMicroelectronics.FP-ATR-SIGFOX1.3.2.0
2023-11-02 15:21:00,670 [WARN] PackLoader:240 - Cannot read IP mode file for SEGGER.I-CUBE-embOS.1.3.1
2023-11-02 15:21:00,805 [WARN] PackLoader:240 - Cannot read IP mode file for STMicroelectronics.X-CUBE-GNSS1.6.0.0
2023-11-02 15:21:00,852 [WARN] PackLoader:240 - Cannot read IP mode file for STMicroelectronics.X-CUBE-AZRTOS-F4.1.1.0
2023-11-02 15:21:00,869 [WARN] PackLoader:240 - Cannot read IP mode file for wolfSSL.I-CUBE-wolfSSL.5.6.3
2023-11-02 15:21:00,909 [WARN] PackLoader:240 - Cannot read IP mode file for STMicroelectronics.X-CUBE-AZRTOS-L5.2.0.0
2023-11-02 15:21:01,006 [WARN] PackLoader:240 - Cannot read IP mode file for STMicroelectronics.X-CUBE-MEMS1.9.6.0
2023-11-02 15:21:01,041 [INFO] WebApp:188 - Starting web application
2023-11-02 15:21:01,042 [INFO] WebApp:520 - Web application path used C:\ST\STM32CubeIDE_1.13.2\STM32CubeIDE\plugins\com.st.stm32cube.common.mx_6.9.2.202309101412\db\plugins\mcufinder\reactClient1\index.html
2023-11-02 15:21:01,505 [WARN] PackLoader:240 - Cannot read IP mode file for STMicroelectronics.X-CUBE-EEPRMA1.4.2.0
2023-11-02 15:21:01,518 [WARN] PackLoader:240 - Cannot read IP mode file for ITTIA_DB.I-CUBE-ITTIADB.8.8.0
2023-11-02 15:21:01,533 [WARN] PackLoader:240 - Cannot read IP mode file for STMicroelectronics.X-CUBE-BLEMGR.2.0.0
2023-11-02 15:21:01,579 [WARN] ConditionMgr:438 - getConditionDescription Invalid condition id : UX DEVICE CLASS RTOS Condition cause : null
2023-11-02 15:21:01,580 [WARN] ConditionMgr:438 - getConditionDescription Invalid condition id : UX DEVICE CLASS RTOS Condition cause : null
2023-11-02 15:21:01,588 [WARN] PackLoader:240 - Cannot read IP mode file for STMicroelectronics.X-CUBE-AZRTOS-H7.3.1.0
2023-11-02 15:21:01,589 [WARN] ConditionMgr:1039 - genDependencies : Invalid condition id : UX DEVICE CLASS RTOS Condition cause : null
2023-11-02 15:21:01,590 [WARN] ConditionMgr:1039 - genDependencies : Invalid condition id : UX DEVICE CLASS RTOS Condition cause : null
2023-11-02 15:21:01,591 [WARN] ConditionMgr:1039 - genDependencies : Invalid condition id : UX DEVICE CLASS RTOS Condition cause : null
2023-11-02 15:21:01,591 [WARN] ConditionMgr:1039 - genDependencies : Invalid condition id : UX DEVICE CLASS RTOS Condition cause : null
2023-11-02 15:21:01,591 [WARN] ConditionMgr:1039 - genDependencies : Invalid condition id : UX DEVICE CLASS RTOS Condition cause : null
2023-11-02 15:21:01,603 [WARN] PackLoader:240 - Cannot read IP mode file for STMicroelectronics.X-CUBE-NFC7.1.0.1
2023-11-02 15:21:01,618 [WARN] PackLoader:240 - Cannot read IP mode file for STMicroelectronics.X-CUBE-NFC6.3.0.0
2023-11-02 15:21:01,630 [WARN] PackLoader:240 - Cannot read IP mode file for STMicroelectronics.X-CUBE-EEPRMA1.4.1.0
2023-11-02 15:21:01,640 [WARN] PackLoader:240 - Cannot read IP mode file for STMicroelectronics.X-CUBE-AI.8.1.0
2023-11-02 15:21:01,677 [WARN] ConditionMgr:438 - getConditionDescription Invalid condition id : LAN8742 Phy interface Condition cause : null
2023-11-02 15:21:01,681 [WARN] PackLoader:240 - Cannot read IP mode file for STMicroelectronics.X-CUBE-AZRTOS-L4.2.0.0
2023-11-02 15:21:01,683 [WARN] ConditionMgr:1039 - genDependencies : Invalid condition id : LAN8742 Phy interface Condition cause : null
2023-11-02 15:21:01,684 [WARN] ConditionMgr:1039 - genDependencies : Invalid condition id : LAN8742 Phy interface Condition cause : null
2023-11-02 15:21:01,685 [WARN] ConditionMgr:1039 - genDependencies : Invalid condition id : LAN8742 Phy interface Condition cause : null
2023-11-02 15:21:01,701 [WARN] PackLoader:240 - Cannot read IP mode file for STMicroelectronics.X-CUBE-SFXS2LP1.4.0.0
2023-11-02 15:21:01,713 [WARN] PackLoader:240 - Cannot read IP mode file for STMicroelectronics.X-CUBE-ISPU.1.1.0
2023-11-02 15:21:01,744 [WARN] ConditionMgr:438 - getConditionDescription Invalid condition id : UX DEVICE CLASS RTOS Condition cause : null
2023-11-02 15:21:01,744 [WARN] ConditionMgr:438 - getConditionDescription Invalid condition id : UX DEVICE CLASS RTOS Condition cause : null
2023-11-02 15:21:01,749 [WARN] PackLoader:240 - Cannot read IP mode file for STMicroelectronics.X-CUBE-AZRTOS-WB.2.0.0
2023-11-02 15:21:01,750 [WARN] ConditionMgr:1039 - genDependencies : Invalid condition id : UX DEVICE CLASS RTOS Condition cause : null
2023-11-02 15:21:01,752 [WARN] ConditionMgr:1039 - genDependencies : Invalid condition id : UX DEVICE CLASS RTOS Condition cause : null
2023-11-02 15:21:01,752 [WARN] ConditionMgr:1039 - genDependencies : Invalid condition id : UX DEVICE CLASS RTOS Condition cause : null
2023-11-02 15:21:01,753 [WARN] ConditionMgr:1039 - genDependencies : Invalid condition id : UX DEVICE CLASS RTOS Condition cause : null
2023-11-02 15:21:01,754 [WARN] ConditionMgr:1039 - genDependencies : Invalid condition id : UX DEVICE CLASS RTOS Condition cause : null
2023-11-02 15:21:01,776 [WARN] PackLoader:240 - Cannot read IP mode file for STMicroelectronics.X-CUBE-SUBG2.5.0.0
2023-11-02 15:21:01,807 [WARN] PackLoader:240 - Cannot read IP mode file for STMicroelectronics.X-CUBE-TOF1.3.3.1
2023-11-02 15:21:01,870 [WARN] PackLoader:240 - Cannot read IP mode file for STMicroelectronics.X-CUBE-AZRTOS-G4.2.0.0
2023-11-02 15:21:01,906 [WARN] PackLoader:240 - Cannot read IP mode file for Infineon.AIROC-Wi-Fi-Bluetooth-STM32.1.5.1
2023-11-02 15:21:02,049 [WARN] PackLoader:240 - Cannot read IP mode file for STMicroelectronics.X-CUBE-MEMS1.10.0.0
2023-11-02 15:21:02,428 [WARN] PackLoader:240 - Cannot read IP mode file for STMicroelectronics.X-CUBE-FREERTOS.1.1.0
2023-11-02 15:21:02,440 [WARN] PackLoader:240 - Cannot read IP mode file for portGmbH.I-Cube-SoM-uGOAL.1.1.0
2023-11-02 15:21:02,452 [WARN] PackLoader:240 - Cannot read IP mode file for STMicroelectronics.X-CUBE-ALS.1.0.1
2023-11-02 15:21:02,463 [WARN] PackLoader:240 - Cannot read IP mode file for STMicroelectronics.FP-ATR-ASTRA1.2.0.0
2023-11-02 15:21:02,465 [INFO] ThirdParty:978 - Integrity check success = true
2023-11-02 15:21:02,466 [INFO] IntegrityCheckThread:100 - exiting critical section [integrity check]
2023-11-02 15:21:02,466 [INFO] IntegrityCheckThread:103 - End integrity checks thread
2023-11-02 15:21:22,401 [ERROR] LogOutputStream:75 - [STDERR_REDIRECT] SLF4J: Failed to load class "org.slf4j.impl.StaticLoggerBinder".
2023-11-02 15:21:22,402 [ERROR] LogOutputStream:75 - [STDERR_REDIRECT] SLF4J: Defaulting to no-operation (NOP) logger implementation
2023-11-02 15:21:22,405 [ERROR] LogOutputStream:75 - [STDERR_REDIRECT] SLF4J: See http://www.slf4j.org/codes.html#StaticLoggerBinder for further details.
2023-11-02 15:33:11,349 [ERROR] LogOutputStream:75 - [STDERR_REDIRECT] 
2023-11-02 15:33:33,052 [INFO] Activator:176 - 


2023-11-02 15:33:33,055 [INFO] Activator:177 - !SESSION log4j initialized
2023-11-02 15:33:43,538 [INFO] LogOutputStream:77 - [STDOUT_REDIRECT] 
2023-11-02 15:33:47,741 [INFO] ApplicationProperties:184 - Using Application install path: C:\ST\STM32CubeIDE_1.13.2\STM32CubeIDE\plugins\com.st.stm32cube.common.mx_6.9.2.202309101412
2023-11-02 15:33:47,779 [INFO] DbMcusXml:78 - Set database path to: C:\ST\STM32CubeIDE_1.13.2\STM32CubeIDE\plugins\com.st.stm32cube.common.mx_6.9.2.202309101412\\db\/mcu/
2023-11-02 15:33:47,780 [INFO] ApiDb:274 - Set plugin database path to: C:\ST\STM32CubeIDE_1.13.2\STM32CubeIDE\plugins\com.st.stm32cube.common.mx_6.9.2.202309101412\\db\/plugins/boardmanager/
2023-11-02 15:33:47,780 [WARN] ApiDb:259 - Overriding images path with different value:  => C:\ST\STM32CubeIDE_1.13.2\STM32CubeIDE\plugins\com.st.stm32cube.common.mx_6.9.2.202309101412\\db\/plugins/mcufinder/images/
2023-11-02 15:33:47,801 [INFO] ApiDb:250 - Set database path to: C:\Users\emily\.stmcufinder\plugins\mcufinder//mcu/
2023-11-02 15:33:47,803 [INFO] DbMcusAds:125 - Set database path to: C:\Users\emily\.stmcufinder\plugins\mcufinder//mcu/
2023-11-02 15:33:47,810 [INFO] CrossReferenceDbSqlite:203 - Set database path to: C:\Users\emily\.stmcufinder\plugins\mcufinder//mcu/cs/
2023-11-02 15:33:48,100 [INFO] RulesReader:64 - Compatibility file has been processed (293 Rules)
2023-11-02 15:33:48,324 [INFO] DbMcusXml:78 - Set database path to: C:\ST\STM32CubeIDE_1.13.2\STM32CubeIDE\plugins\com.st.stm32cube.common.mx_6.9.2.202309101412\\db\/mcu/
2023-11-02 15:33:48,324 [INFO] ApiDb:274 - Set plugin database path to: C:\ST\STM32CubeIDE_1.13.2\STM32CubeIDE\plugins\com.st.stm32cube.common.mx_6.9.2.202309101412\\db\/plugins/boardmanager/
2023-11-02 15:33:48,325 [INFO] ApiDb:261 - Set plugin images path to: C:\ST\STM32CubeIDE_1.13.2\STM32CubeIDE\plugins\com.st.stm32cube.common.mx_6.9.2.202309101412\\db\/plugins/mcufinder/images/
2023-11-02 15:33:48,326 [WARN] DbFile:41 - Overriding database path with different value: C:\Users\emily\.stmcufinder\plugins\mcufinder/ => C:\Users\emily\.stmcufinder\plugins\mcufinder
2023-11-02 15:33:48,326 [INFO] ApiDb:250 - Set database path to: C:\Users\emily\.stmcufinder\plugins\mcufinder//mcu/
2023-11-02 15:33:48,326 [WARN] DbFile:41 - Overriding database path with different value: C:\Users\emily\.stmcufinder\plugins\mcufinder/ => C:\Users\emily\.stmcufinder\plugins\mcufinder
2023-11-02 15:33:48,326 [INFO] DbMcusAds:125 - Set database path to: C:\Users\emily\.stmcufinder\plugins\mcufinder//mcu/
2023-11-02 15:33:48,328 [WARN] DbFile:41 - Overriding database path with different value: C:\Users\emily\.stmcufinder\plugins\mcufinder/ => C:\Users\emily\.stmcufinder\plugins\mcufinder
2023-11-02 15:33:48,328 [WARN] DbFile:41 - Overriding database path with different value: C:\Users\emily\.stmcufinder\plugins\mcufinder/ => C:\Users\emily\.stmcufinder\plugins\mcufinder
2023-11-02 15:33:48,328 [INFO] CrossReferenceDbSqlite:203 - Set database path to: C:\Users\emily\.stmcufinder\plugins\mcufinder//mcu/cs/
2023-11-02 15:33:48,533 [INFO] MainPanel:262 - HeapMemory: 268435456
2023-11-02 15:33:48,729 [INFO] DbMcusXml:78 - Set database path to: C:\ST\STM32CubeIDE_1.13.2\STM32CubeIDE\plugins\com.st.stm32cube.common.mx_6.9.2.202309101412\\db\/mcu/
2023-11-02 15:33:48,729 [INFO] ApiDb:274 - Set plugin database path to: C:\ST\STM32CubeIDE_1.13.2\STM32CubeIDE\plugins\com.st.stm32cube.common.mx_6.9.2.202309101412\\db\/plugins/boardmanager/
2023-11-02 15:33:48,729 [INFO] ApiDb:261 - Set plugin images path to: C:\ST\STM32CubeIDE_1.13.2\STM32CubeIDE\plugins\com.st.stm32cube.common.mx_6.9.2.202309101412\\db\/plugins/mcufinder/images/
2023-11-02 15:33:48,730 [WARN] DbFile:41 - Overriding database path with different value: C:\Users\emily\.stmcufinder\plugins\mcufinder/ => C:\Users\emily\.stmcufinder\plugins\mcufinder
2023-11-02 15:33:48,730 [INFO] ApiDb:250 - Set database path to: C:\Users\emily\.stmcufinder\plugins\mcufinder//mcu/
2023-11-02 15:33:48,730 [WARN] DbFile:41 - Overriding database path with different value: C:\Users\emily\.stmcufinder\plugins\mcufinder/ => C:\Users\emily\.stmcufinder\plugins\mcufinder
2023-11-02 15:33:48,730 [INFO] DbMcusAds:125 - Set database path to: C:\Users\emily\.stmcufinder\plugins\mcufinder//mcu/
2023-11-02 15:33:48,731 [WARN] DbFile:41 - Overriding database path with different value: C:\Users\emily\.stmcufinder\plugins\mcufinder/ => C:\Users\emily\.stmcufinder\plugins\mcufinder
2023-11-02 15:33:48,731 [WARN] DbFile:41 - Overriding database path with different value: C:\Users\emily\.stmcufinder\plugins\mcufinder/ => C:\Users\emily\.stmcufinder\plugins\mcufinder
2023-11-02 15:33:48,731 [INFO] CrossReferenceDbSqlite:203 - Set database path to: C:\Users\emily\.stmcufinder\plugins\mcufinder//mcu/cs/
2023-11-02 15:33:48,780 [INFO] ApplicationProperties:184 - Using Application install path: C:\ST\STM32CubeIDE_1.13.2\STM32CubeIDE\plugins\com.st.stm32cube.common.mx_6.9.2.202309101412
2023-11-02 15:33:48,783 [INFO] PluginManage:196 - Search for loadable plugins [exclusion list=, ]
2023-11-02 15:33:48,788 [INFO] PluginManage:310 - Check plugin analytics
2023-11-02 15:33:49,179 [INFO] AnalyticsPlugin:253 - Accepted Software Licenses: 
2023-11-02 15:33:49,179 [INFO] AnalyticsPlugin:255 - Accepted CMSIS Pack Licenses: 
2023-11-02 15:33:49,179 [INFO] AnalyticsPlugin:257 - Accepted Firmware Licenses: FW.F4.1.27.0
2023-11-02 15:33:49,184 [INFO] PluginManage:359 - Loaded plugin analytics (category:tool,tabindex:-1)
2023-11-02 15:33:49,185 [INFO] PluginManage:310 - Check plugin cadmodel
2023-11-02 15:33:49,192 [INFO] CADModel:105 - Init CAD model plugin
2023-11-02 15:33:49,192 [INFO] PluginManage:359 - Loaded plugin cadmodel (category:power,tabindex:5)
2023-11-02 15:33:49,193 [INFO] PluginManage:310 - Check plugin clock
2023-11-02 15:33:49,209 [INFO] PluginManage:359 - Loaded plugin clock (category:base,tabindex:2)
2023-11-02 15:33:49,209 [INFO] PluginManage:310 - Check plugin ddr
2023-11-02 15:33:49,213 [INFO] PluginManage:359 - Loaded plugin ddr (category:tool,tabindex:6)
2023-11-02 15:33:49,214 [INFO] PluginManage:310 - Check plugin filemanager
2023-11-02 15:33:49,437 [INFO] PluginManage:359 - Loaded plugin filemanager (category:base,tabindex:10)
2023-11-02 15:33:49,438 [INFO] PluginManage:310 - Check plugin ipmanager
2023-11-02 15:33:49,456 [INFO] PluginManage:359 - Loaded plugin ipmanager (category:base,tabindex:5)
2023-11-02 15:33:49,456 [INFO] PluginManage:310 - Check plugin lpbam
2023-11-02 15:33:49,475 [INFO] PluginManage:359 - Loaded plugin lpbam (category:base,tabindex:0)
2023-11-02 15:33:49,475 [INFO] PluginManage:310 - Check plugin memorymap
2023-11-02 15:33:49,510 [INFO] PluginManage:359 - Loaded plugin memorymap (category:base,tabindex:4)
2023-11-02 15:33:49,510 [INFO] PluginManage:310 - Check plugin pinoutandconfiguration
2023-11-02 15:33:49,527 [INFO] PluginManage:359 - Loaded plugin pinoutandconfiguration (category:base,tabindex:1)
2023-11-02 15:33:49,527 [INFO] PluginManage:310 - Check plugin pinoutconfig
2023-11-02 15:33:49,724 [WARN] SupportedApi:132 - Cannot load RTOS API schema: s4s-elt-must-match.1: The content of 'definitions' must match (annotation?, (simpleType | complexType)?, (unique | key | keyref)*)). A problem was found starting at: attribute.
2023-11-02 15:33:50,075 [INFO] PluginManage:359 - Loaded plugin pinoutconfig (category:base,tabindex:0)
2023-11-02 15:33:50,076 [INFO] PluginManage:310 - Check plugin power
2023-11-02 15:33:50,098 [INFO] PluginManage:359 - Loaded plugin power (category:power,tabindex:4)
2023-11-02 15:33:50,098 [INFO] PluginManage:310 - Check plugin projectmanager
2023-11-02 15:33:50,131 [INFO] PluginManage:359 - Loaded plugin projectmanager (category:projectmanager,tabindex:3)
2023-11-02 15:33:50,131 [INFO] PluginManage:310 - Check plugin thirdparty
2023-11-02 15:33:50,442 [INFO] PluginManage:359 - Loaded plugin thirdparty (category:base,tabindex:-1)
2023-11-02 15:33:50,442 [INFO] PluginManage:310 - Check plugin tools
2023-11-02 15:33:50,442 [WARN] IntegrityCheckThread:84 - waiting for thirdparty lock release [integrity check]
2023-11-02 15:33:50,443 [INFO] IntegrityCheckThread:86 - entering critical section [integrity check]
2023-11-02 15:33:50,444 [INFO] ThirdPartyUpdaterWithRetryManager:70 - Updater plugin not ready yet. [1/15]
2023-11-02 15:33:50,448 [INFO] PluginManage:359 - Loaded plugin tools (category:base,tabindex:7)
2023-11-02 15:33:50,449 [INFO] PluginManage:310 - Check plugin tutovideos
2023-11-02 15:33:50,871 [INFO] PluginManage:359 - Loaded plugin tutovideos (category:base,tabindex:-1)
2023-11-02 15:33:50,871 [INFO] PluginManage:310 - Check plugin updater
2023-11-02 15:33:50,895 [INFO] PluginManage:359 - Loaded plugin updater (category:base,tabindex:12)
2023-11-02 15:33:50,895 [INFO] PluginManage:310 - Check plugin userauth
2023-11-02 15:33:50,907 [INFO] UserAuth:113 - Init User Auth plugin
2023-11-02 15:33:50,907 [INFO] PluginManage:359 - Loaded plugin userauth (category:base,tabindex:14)
2023-11-02 15:33:50,908 [INFO] PluginManage:283 - PluginManage : Loaded plugins [17]
2023-11-02 15:33:51,643 [INFO] PinOutPanel:1499 - setPackage(No Configuration,No Configuration)
2023-11-02 15:33:51,849 [INFO] CADModel:165 - CPN selected for project level
2023-11-02 15:33:51,850 [INFO] CADModel:114 - Register for checkConnection events
2023-11-02 15:33:51,878 [INFO] IPUIPlugin:80 - create IPUIPlugin
2023-11-02 15:33:51,878 [INFO] PluginManager:220 - loadIPPluginJar : add adc
2023-11-02 15:33:51,882 [INFO] IPUIPlugin:80 - create IPUIPlugin
2023-11-02 15:33:51,882 [INFO] PluginManager:220 - loadIPPluginJar : add aes
2023-11-02 15:33:51,887 [INFO] IPUIPlugin:80 - create IPUIPlugin
2023-11-02 15:33:51,887 [INFO] PluginManager:220 - loadIPPluginJar : add can
2023-11-02 15:33:51,890 [INFO] IPUIPlugin:80 - create IPUIPlugin
2023-11-02 15:33:51,890 [INFO] PluginManager:220 - loadIPPluginJar : add comp
2023-11-02 15:33:51,896 [INFO] IPUIPlugin:80 - create IPUIPlugin
2023-11-02 15:33:51,897 [INFO] PluginManager:220 - loadIPPluginJar : add cryp
2023-11-02 15:33:51,901 [INFO] IPUIPlugin:80 - create IPUIPlugin
2023-11-02 15:33:51,901 [INFO] PluginManager:220 - loadIPPluginJar : add dfsdm
2023-11-02 15:33:51,912 [INFO] IPUIPlugin:80 - create IPUIPlugin
2023-11-02 15:33:51,913 [INFO] PluginManager:220 - loadIPPluginJar : add dma
2023-11-02 15:33:51,919 [INFO] IPUIPlugin:80 - create IPUIPlugin
2023-11-02 15:33:51,920 [INFO] PluginManager:220 - loadIPPluginJar : add dma3
2023-11-02 15:33:51,923 [INFO] IPUIPlugin:80 - create IPUIPlugin
2023-11-02 15:33:51,923 [INFO] PluginManager:220 - loadIPPluginJar : add fatfs
2023-11-02 15:33:51,932 [INFO] IPUIPlugin:80 - create IPUIPlugin
2023-11-02 15:33:51,932 [INFO] PluginManager:220 - loadIPPluginJar : add fmc
2023-11-02 15:33:51,943 [INFO] IPUIPlugin:80 - create IPUIPlugin
2023-11-02 15:33:51,943 [INFO] PluginManager:220 - loadIPPluginJar : add freertos
2023-11-02 15:33:51,946 [INFO] IPUIPlugin:80 - create IPUIPlugin
2023-11-02 15:33:51,946 [INFO] PluginManager:220 - loadIPPluginJar : add genericplugin
2023-11-02 15:33:51,950 [INFO] IPUIPlugin:80 - create IPUIPlugin
2023-11-02 15:33:51,951 [INFO] PluginManager:220 - loadIPPluginJar : add gfxmmu
2023-11-02 15:33:51,963 [INFO] IPUIPlugin:80 - create IPUIPlugin
2023-11-02 15:33:51,963 [INFO] PluginManager:220 - loadIPPluginJar : add gic
2023-11-02 15:33:51,972 [INFO] IPUIPlugin:80 - create IPUIPlugin
2023-11-02 15:33:51,972 [INFO] PluginManager:220 - loadIPPluginJar : add gpio
2023-11-02 15:33:51,977 [INFO] IPUIPlugin:80 - create IPUIPlugin
2023-11-02 15:33:51,977 [INFO] PluginManager:220 - loadIPPluginJar : add gtzc
2023-11-02 15:33:51,982 [INFO] IPUIPlugin:80 - create IPUIPlugin
2023-11-02 15:33:51,983 [INFO] PluginManager:220 - loadIPPluginJar : add hash
2023-11-02 15:33:51,990 [INFO] IPUIPlugin:80 - create IPUIPlugin
2023-11-02 15:33:51,990 [INFO] PluginManager:220 - loadIPPluginJar : add i2c
2023-11-02 15:33:51,995 [INFO] IPUIPlugin:80 - create IPUIPlugin
2023-11-02 15:33:51,996 [INFO] PluginManager:220 - loadIPPluginJar : add i2s
2023-11-02 15:33:52,001 [INFO] IPUIPlugin:80 - create IPUIPlugin
2023-11-02 15:33:52,001 [INFO] PluginManager:220 - loadIPPluginJar : add i3c
2023-11-02 15:33:52,009 [INFO] IPUIPlugin:80 - create IPUIPlugin
2023-11-02 15:33:52,009 [INFO] PluginManager:220 - loadIPPluginJar : add ipddr
2023-11-02 15:33:52,020 [INFO] IPUIPlugin:80 - create IPUIPlugin
2023-11-02 15:33:52,021 [INFO] PluginManager:220 - loadIPPluginJar : add linkedlist
2023-11-02 15:33:52,025 [INFO] IPUIPlugin:80 - create IPUIPlugin
2023-11-02 15:33:52,025 [INFO] PluginManager:220 - loadIPPluginJar : add lorawan
2023-11-02 15:33:52,029 [INFO] IPUIPlugin:80 - create IPUIPlugin
2023-11-02 15:33:52,029 [INFO] PluginManager:220 - loadIPPluginJar : add ltdc
2023-11-02 15:33:52,040 [INFO] IPUIPlugin:80 - create IPUIPlugin
2023-11-02 15:33:52,040 [INFO] PluginManager:220 - loadIPPluginJar : add mdma
2023-11-02 15:33:52,050 [INFO] IPUIPlugin:80 - create IPUIPlugin
2023-11-02 15:33:52,050 [INFO] PluginManager:220 - loadIPPluginJar : add nvic
2023-11-02 15:33:52,059 [INFO] IPUIPlugin:80 - create IPUIPlugin
2023-11-02 15:33:52,059 [INFO] PluginManager:220 - loadIPPluginJar : add opamp
2023-11-02 15:33:52,064 [INFO] IPUIPlugin:80 - create IPUIPlugin
2023-11-02 15:33:52,066 [INFO] PluginManager:220 - loadIPPluginJar : add openamp
2023-11-02 15:33:52,072 [INFO] IPUIPlugin:80 - create IPUIPlugin
2023-11-02 15:33:52,072 [INFO] PluginManager:220 - loadIPPluginJar : add pdm2pcm
2023-11-02 15:33:52,086 [INFO] IPUIPlugin:80 - create IPUIPlugin
2023-11-02 15:33:52,092 [INFO] PluginManager:220 - loadIPPluginJar : add plateformsettings
2023-11-02 15:33:52,095 [INFO] IPUIPlugin:80 - create IPUIPlugin
2023-11-02 15:33:52,095 [INFO] PluginManager:220 - loadIPPluginJar : add quadspi
2023-11-02 15:33:52,101 [INFO] IPUIPlugin:80 - create IPUIPlugin
2023-11-02 15:33:52,103 [INFO] PluginManager:220 - loadIPPluginJar : add resmgrutility
2023-11-02 15:33:52,108 [INFO] IPUIPlugin:80 - create IPUIPlugin
2023-11-02 15:33:52,109 [INFO] PluginManager:220 - loadIPPluginJar : add sai
2023-11-02 15:33:52,114 [INFO] IPUIPlugin:80 - create IPUIPlugin
2023-11-02 15:33:52,114 [INFO] PluginManager:220 - loadIPPluginJar : add spi
2023-11-02 15:33:52,122 [INFO] IPUIPlugin:80 - create IPUIPlugin
2023-11-02 15:33:52,122 [INFO] PluginManager:220 - loadIPPluginJar : add stm32_wpan
2023-11-02 15:33:52,124 [INFO] IPUIPlugin:80 - create IPUIPlugin
2023-11-02 15:33:52,125 [INFO] PluginManager:220 - loadIPPluginJar : add tim
2023-11-02 15:33:52,130 [INFO] IPUIPlugin:80 - create IPUIPlugin
2023-11-02 15:33:52,130 [INFO] PluginManager:220 - loadIPPluginJar : add touchsensing
2023-11-02 15:33:52,133 [INFO] IPUIPlugin:80 - create IPUIPlugin
2023-11-02 15:33:52,134 [INFO] PluginManager:220 - loadIPPluginJar : add tracer_emb
2023-11-02 15:33:52,138 [INFO] IPUIPlugin:80 - create IPUIPlugin
2023-11-02 15:33:52,138 [INFO] PluginManager:220 - loadIPPluginJar : add ts
2023-11-02 15:33:52,141 [INFO] IPUIPlugin:80 - create IPUIPlugin
2023-11-02 15:33:52,141 [INFO] PluginManager:220 - loadIPPluginJar : add tsc
2023-11-02 15:33:52,144 [INFO] IPUIPlugin:80 - create IPUIPlugin
2023-11-02 15:33:52,144 [INFO] PluginManager:220 - loadIPPluginJar : add ucpd
2023-11-02 15:33:52,151 [INFO] IPUIPlugin:80 - create IPUIPlugin
2023-11-02 15:33:52,151 [INFO] PluginManager:220 - loadIPPluginJar : add usart
2023-11-02 15:33:52,158 [INFO] IPUIPlugin:80 - create IPUIPlugin
2023-11-02 15:33:52,158 [INFO] PluginManager:220 - loadIPPluginJar : add usbx
2023-11-02 15:33:52,379 [INFO] CADModel:165 - CPN selected for project level
2023-11-02 15:33:52,379 [INFO] CADModel:114 - Register for checkConnection events
2023-11-02 15:33:52,379 [FATAL] Updater:308 - Updater called before beeing initialized
2023-11-02 15:33:52,381 [ERROR] CADModel:125 - Updater not yet initialized, retry later 
2023-11-02 15:33:53,448 [INFO] ThirdPartyUpdaterWithRetryManager:70 - Updater plugin not ready yet. [2/15]
2023-11-02 15:33:53,484 [INFO] CADModel:165 - CPN selected for project level
2023-11-02 15:33:53,485 [INFO] CADModel:114 - Register for checkConnection events
2023-11-02 15:33:53,485 [FATAL] Updater:308 - Updater called before beeing initialized
2023-11-02 15:33:53,486 [ERROR] CADModel:125 - Updater not yet initialized, retry later 
2023-11-02 15:33:53,497 [FATAL] Updater:308 - Updater called before beeing initialized
2023-11-02 15:33:53,798 [FATAL] Updater:308 - Updater called before beeing initialized
2023-11-02 15:33:53,812 [INFO] DbMcusAds:53 - JSON generation date=Tue Mar 07 00:50:55 PST 2023 (1678179055114)
2023-11-02 15:33:53,812 [FATAL] Updater:308 - Updater called before beeing initialized
2023-11-02 15:33:53,926 [WARN] DetailPanel:346 - Failed to get advertising image, set to default
2023-11-02 15:33:54,129 [FATAL] Updater:308 - Updater called before beeing initialized
2023-11-02 15:33:54,132 [FATAL] Updater:308 - Updater called before beeing initialized
2023-11-02 15:33:54,133 [FATAL] Updater:308 - Updater called before beeing initialized
2023-11-02 15:33:54,133 [WARN] DetailPanel:346 - Failed to get advertising image, set to default
2023-11-02 15:33:54,134 [FATAL] Updater:308 - Updater called before beeing initialized
2023-11-02 15:33:54,267 [ERROR] Updater:1120 - MainUpdater not yet initialized. External WinMGr cannot be set.
2023-11-02 15:33:54,272 [INFO] Updater:1056 - Updater Version found : 6.9.2
2023-11-02 15:33:54,317 [INFO] ApplicationProperties:184 - Using Application install path: C:\ST\STM32CubeIDE_1.13.2\STM32CubeIDE\plugins\com.st.stm32cube.common.mx_6.9.2.202309101412
2023-11-02 15:33:54,534 [INFO] MainUpdater:2868 - connection check result : 10
2023-11-02 15:33:54,535 [INFO] MainUpdater:285 - Updater Check For Update Now.
2023-11-02 15:33:54,535 [INFO] MicroXplorer:498 - Change Database Version : DB.6.0.92
2023-11-02 15:33:54,547 [INFO] McuFinderGlobals:63 - Set McuFinder mode to 2 (CubeIDE integrated)
2023-11-02 15:33:54,548 [INFO] UserAuth:179 - activating auth plugin
2023-11-02 15:33:54,553 [INFO] UserAuth:393 - Internet connection configuration mode: 1
2023-11-02 15:33:54,588 [INFO] JxBrowserEngine:151 - Initiate JxBrowser Engine with user profile folder
2023-11-02 15:33:54,818 [INFO] CheckServerUpdateThread:120 - End of CheckServer Thread
2023-11-02 15:33:55,983 [INFO] WebApp:157 - Instantiating new browser for Auth
2023-11-02 15:33:56,801 [WARN] PackLoader:240 - Cannot read IP mode file for STMicroelectronics.X-CUBE-SMBUS.2.1.0
2023-11-02 15:33:56,945 [WARN] PackLoader:240 - Cannot read IP mode file for STMicroelectronics.X-CUBE-AZRTOS-F7.1.1.0
2023-11-02 15:33:56,986 [WARN] PackLoader:240 - Cannot read IP mode file for STMicroelectronics.FP-SNS-MOTENV1.4.3.2
2023-11-02 15:33:57,029 [WARN] PackLoader:240 - Cannot read IP mode file for STMicroelectronics.FP-SNS-FLIGHT1.5.0.2
2023-11-02 15:33:57,058 [WARN] PackLoader:240 - Cannot read IP mode file for STMicroelectronics.X-CUBE-DISPLAY.3.0.0
2023-11-02 15:33:57,091 [WARN] PackLoader:240 - Cannot read IP mode file for STMicroelectronics.X-CUBE-BLE1.7.0.0
2023-11-02 15:33:57,107 [WARN] PackLoader:240 - Cannot read IP mode file for emotas.I-CUBE-CANOPEN.1.3.0
2023-11-02 15:33:57,117 [WARN] PackLoader:240 - Cannot read IP mode file for STMicroelectronics.X-CUBE-TOUCHGFX.4.22.0
2023-11-02 15:33:57,123 [WARN] PackLoader:240 - Cannot read IP mode file for STMicroelectronics.X-CUBE-TOUCHGFX.4.22.1
2023-11-02 15:33:57,134 [WARN] PackLoader:240 - Cannot read IP mode file for STMicroelectronics.FP-SNS-SMARTAG2.1.2.0
2023-11-02 15:33:57,174 [INFO] LogOutputStream:77 - [STDOUT_REDIRECT] 1 : Invalid condition id : UX_CORESTACK_Condition cause : null
2023-11-02 15:33:57,176 [INFO] LogOutputStream:77 - [STDOUT_REDIRECT] 1 : Invalid condition id : UX_CORESTACK_Condition cause : null
2023-11-02 15:33:57,181 [INFO] LogOutputStream:77 - [STDOUT_REDIRECT] 1 : Invalid condition id : UX_CORESTACK_Condition cause : null
2023-11-02 15:33:57,185 [INFO] LogOutputStream:77 - [STDOUT_REDIRECT] 1 : Invalid condition id : UX_CORESTACK_Condition cause : null
2023-11-02 15:33:57,188 [INFO] LogOutputStream:77 - [STDOUT_REDIRECT] 1 : Invalid condition id : UX_CORESTACK_Condition cause : null
2023-11-02 15:33:57,208 [WARN] PackLoader:240 - Cannot read IP mode file for STMicroelectronics.X-CUBE-AZRTOS-WL.2.0.0
2023-11-02 15:33:57,241 [WARN] PackLoader:240 - Cannot read IP mode file for WES.I-CUBE-Cesium.1.3.0
2023-11-02 15:33:57,260 [WARN] PackLoader:240 - Cannot read IP mode file for STMicroelectronics.X-CUBE-BLE2.3.3.0
2023-11-02 15:33:57,279 [WARN] PackLoader:240 - Cannot read IP mode file for STMicroelectronics.X-CUBE-ALGOBUILD.1.3.0
2023-11-02 15:33:57,328 [WARN] PackLoader:240 - Cannot read IP mode file for STMicroelectronics.X-CUBE-AZRTOS-G0.1.1.0
2023-11-02 15:33:57,349 [WARN] PackLoader:240 - Cannot read IP mode file for STMicroelectronics.X-CUBE-NFC4.3.0.0
2023-11-02 15:33:57,376 [WARN] PackLoader:240 - Cannot read IP mode file for STMicroelectronics.X-CUBE-BLEMGR.3.0.0
2023-11-02 15:33:57,389 [WARN] PackLoader:240 - Cannot read IP mode file for STMicroelectronics.FP-ATR-SIGFOX1.3.2.0
2023-11-02 15:33:57,482 [WARN] PackLoader:240 - Cannot read IP mode file for SEGGER.I-CUBE-embOS.1.3.1
2023-11-02 15:33:57,567 [INFO] WebApp:753 - Register for checkConnection events
2023-11-02 15:33:57,568 [INFO] WebApp:390 - Apply proxy settings
2023-11-02 15:33:57,568 [INFO] WebApp:475 - Chromium requires no authentication
2023-11-02 15:33:57,594 [INFO] WebApp:418 - Direct internet connection detected
2023-11-02 15:33:57,597 [WARN] PackLoader:240 - Cannot read IP mode file for STMicroelectronics.X-CUBE-GNSS1.6.0.0
2023-11-02 15:33:57,642 [WARN] PackLoader:240 - Cannot read IP mode file for STMicroelectronics.X-CUBE-AZRTOS-F4.1.1.0
2023-11-02 15:33:57,657 [WARN] PackLoader:240 - Cannot read IP mode file for wolfSSL.I-CUBE-wolfSSL.5.6.3
2023-11-02 15:33:57,694 [WARN] PackLoader:240 - Cannot read IP mode file for STMicroelectronics.X-CUBE-AZRTOS-L5.2.0.0
2023-11-02 15:33:57,779 [WARN] PackLoader:240 - Cannot read IP mode file for STMicroelectronics.X-CUBE-MEMS1.9.6.0
2023-11-02 15:33:58,131 [WARN] PackLoader:240 - Cannot read IP mode file for STMicroelectronics.X-CUBE-EEPRMA1.4.2.0
2023-11-02 15:33:58,142 [WARN] PackLoader:240 - Cannot read IP mode file for ITTIA_DB.I-CUBE-ITTIADB.8.8.0
2023-11-02 15:33:58,147 [INFO] WebApp:188 - Starting web application
2023-11-02 15:33:58,148 [INFO] WebApp:520 - Web application path used C:\ST\STM32CubeIDE_1.13.2\STM32CubeIDE\plugins\com.st.stm32cube.common.mx_6.9.2.202309101412\db\plugins\mcufinder\reactClient1\index.html
2023-11-02 15:33:58,155 [WARN] PackLoader:240 - Cannot read IP mode file for STMicroelectronics.X-CUBE-BLEMGR.2.0.0
2023-11-02 15:33:58,191 [WARN] ConditionMgr:438 - getConditionDescription Invalid condition id : UX DEVICE CLASS RTOS Condition cause : null
2023-11-02 15:33:58,191 [WARN] ConditionMgr:438 - getConditionDescription Invalid condition id : UX DEVICE CLASS RTOS Condition cause : null
2023-11-02 15:33:58,199 [WARN] PackLoader:240 - Cannot read IP mode file for STMicroelectronics.X-CUBE-AZRTOS-H7.3.1.0
2023-11-02 15:33:58,201 [WARN] ConditionMgr:1039 - genDependencies : Invalid condition id : UX DEVICE CLASS RTOS Condition cause : null
2023-11-02 15:33:58,202 [WARN] ConditionMgr:1039 - genDependencies : Invalid condition id : UX DEVICE CLASS RTOS Condition cause : null
2023-11-02 15:33:58,203 [WARN] ConditionMgr:1039 - genDependencies : Invalid condition id : UX DEVICE CLASS RTOS Condition cause : null
2023-11-02 15:33:58,204 [WARN] ConditionMgr:1039 - genDependencies : Invalid condition id : UX DEVICE CLASS RTOS Condition cause : null
2023-11-02 15:33:58,204 [WARN] ConditionMgr:1039 - genDependencies : Invalid condition id : UX DEVICE CLASS RTOS Condition cause : null
2023-11-02 15:33:58,221 [WARN] PackLoader:240 - Cannot read IP mode file for STMicroelectronics.X-CUBE-NFC7.1.0.1
2023-11-02 15:33:58,237 [WARN] PackLoader:240 - Cannot read IP mode file for STMicroelectronics.X-CUBE-NFC6.3.0.0
2023-11-02 15:33:58,250 [WARN] PackLoader:240 - Cannot read IP mode file for STMicroelectronics.X-CUBE-EEPRMA1.4.1.0
2023-11-02 15:33:58,265 [WARN] PackLoader:240 - Cannot read IP mode file for STMicroelectronics.X-CUBE-AI.8.1.0
2023-11-02 15:33:58,308 [WARN] ConditionMgr:438 - getConditionDescription Invalid condition id : LAN8742 Phy interface Condition cause : null
2023-11-02 15:33:58,309 [WARN] PackLoader:240 - Cannot read IP mode file for STMicroelectronics.X-CUBE-AZRTOS-L4.2.0.0
2023-11-02 15:33:58,311 [WARN] ConditionMgr:1039 - genDependencies : Invalid condition id : LAN8742 Phy interface Condition cause : null
2023-11-02 15:33:58,311 [WARN] ConditionMgr:1039 - genDependencies : Invalid condition id : LAN8742 Phy interface Condition cause : null
2023-11-02 15:33:58,314 [WARN] ConditionMgr:1039 - genDependencies : Invalid condition id : LAN8742 Phy interface Condition cause : null
2023-11-02 15:33:58,333 [WARN] PackLoader:240 - Cannot read IP mode file for STMicroelectronics.X-CUBE-SFXS2LP1.4.0.0
2023-11-02 15:33:58,345 [WARN] PackLoader:240 - Cannot read IP mode file for STMicroelectronics.X-CUBE-ISPU.1.1.0
2023-11-02 15:33:58,375 [WARN] ConditionMgr:438 - getConditionDescription Invalid condition id : UX DEVICE CLASS RTOS Condition cause : null
2023-11-02 15:33:58,375 [WARN] ConditionMgr:438 - getConditionDescription Invalid condition id : UX DEVICE CLASS RTOS Condition cause : null
2023-11-02 15:33:58,379 [WARN] PackLoader:240 - Cannot read IP mode file for STMicroelectronics.X-CUBE-AZRTOS-WB.2.0.0
2023-11-02 15:33:58,380 [WARN] ConditionMgr:1039 - genDependencies : Invalid condition id : UX DEVICE CLASS RTOS Condition cause : null
2023-11-02 15:33:58,381 [WARN] ConditionMgr:1039 - genDependencies : Invalid condition id : UX DEVICE CLASS RTOS Condition cause : null
2023-11-02 15:33:58,382 [WARN] ConditionMgr:1039 - genDependencies : Invalid condition id : UX DEVICE CLASS RTOS Condition cause : null
2023-11-02 15:33:58,382 [WARN] ConditionMgr:1039 - genDependencies : Invalid condition id : UX DEVICE CLASS RTOS Condition cause : null
2023-11-02 15:33:58,382 [WARN] ConditionMgr:1039 - genDependencies : Invalid condition id : UX DEVICE CLASS RTOS Condition cause : null
2023-11-02 15:33:58,419 [WARN] PackLoader:240 - Cannot read IP mode file for STMicroelectronics.X-CUBE-SUBG2.5.0.0
2023-11-02 15:33:58,459 [WARN] PackLoader:240 - Cannot read IP mode file for STMicroelectronics.X-CUBE-TOF1.3.3.1
2023-11-02 15:33:58,582 [WARN] PackLoader:240 - Cannot read IP mode file for STMicroelectronics.X-CUBE-AZRTOS-G4.2.0.0
2023-11-02 15:33:58,629 [WARN] PackLoader:240 - Cannot read IP mode file for Infineon.AIROC-Wi-Fi-Bluetooth-STM32.1.5.1
2023-11-02 15:33:58,778 [WARN] PackLoader:240 - Cannot read IP mode file for STMicroelectronics.X-CUBE-MEMS1.10.0.0
2023-11-02 15:33:59,083 [WARN] PackLoader:240 - Cannot read IP mode file for STMicroelectronics.X-CUBE-FREERTOS.1.1.0
2023-11-02 15:33:59,102 [WARN] PackLoader:240 - Cannot read IP mode file for portGmbH.I-Cube-SoM-uGOAL.1.1.0
2023-11-02 15:33:59,119 [WARN] PackLoader:240 - Cannot read IP mode file for STMicroelectronics.X-CUBE-ALS.1.0.1
2023-11-02 15:33:59,130 [WARN] PackLoader:240 - Cannot read IP mode file for STMicroelectronics.FP-ATR-ASTRA1.2.0.0
2023-11-02 15:33:59,133 [INFO] ThirdParty:978 - Integrity check success = true
2023-11-02 15:33:59,134 [INFO] IntegrityCheckThread:100 - exiting critical section [integrity check]
2023-11-02 15:33:59,134 [INFO] IntegrityCheckThread:103 - End integrity checks thread
2023-11-02 15:34:01,690 [INFO] McuFinderGlobals:63 - Set McuFinder mode to 2 (CubeIDE integrated)
2023-11-02 15:34:01,773 [INFO] MainUpdater:2868 - connection check result : 10
2023-11-02 15:34:01,852 [INFO] McuFinderGlobals:76 - Set McuFinderConnectedMode to true
2023-11-02 15:34:02,323 [INFO] ServerAccessManage:473 - Download File mcusAds.json._tmp_
2023-11-02 15:34:02,470 [INFO] LoadUrlFilesThread:156 - End of LoadUrlFiles Thread
2023-11-02 15:34:02,655 [INFO] ServerAccessManage:473 - Download File cube-finder-db.zip
2023-11-02 15:34:10,558 [INFO] FileExtend:240 - Unzip File : cube-finder-db.zip
2023-11-02 15:34:10,559 [INFO] FileExtend:255 - Standard Zip Deflate
2023-11-02 15:34:11,913 [INFO] LoadUrlFilesThread:156 - End of LoadUrlFiles Thread
2023-11-02 15:34:12,830 [INFO] ServerAccessManage:473 - Download File crdb.zip
2023-11-02 15:34:14,341 [INFO] FileExtend:240 - Unzip File : crdb.zip
2023-11-02 15:34:14,342 [INFO] FileExtend:255 - Standard Zip Deflate
2023-11-02 15:34:14,542 [INFO] LoadUrlFilesThread:156 - End of LoadUrlFiles Thread
2023-11-02 15:34:14,698 [INFO] ServerAccessManage:473 - Download File tutoVideoDB.zip
2023-11-02 15:34:14,714 [INFO] FileExtend:240 - Unzip File : tutoVideoDB.zip
2023-11-02 15:34:14,716 [INFO] FileExtend:255 - Standard Zip Deflate
2023-11-02 15:34:14,865 [INFO] LoadUrlFilesThread:156 - End of LoadUrlFiles Thread
2023-11-02 15:34:14,872 [WARN] DbFile:41 - Overriding database path with different value: C:\Users\emily\.stmcufinder\plugins\mcufinder/ => C:\Users\emily\.stmcufinder\plugins\mcufinder
2023-11-02 15:34:14,996 [INFO] ServerAccessManage:473 - Download File api_config.json
2023-11-02 15:34:15,135 [INFO] LoadUrlFilesThread:156 - End of LoadUrlFiles Thread
2023-11-02 15:34:15,142 [INFO] DbMcusAds:53 - JSON generation date=Tue Mar 07 00:50:55 PST 2023 (1678179055335)
2023-11-02 15:34:15,219 [INFO] LoadUrlFilesThread:185 - End of LoadServerUrlFiles without Thread
2023-11-02 15:34:15,220 [INFO] TargetSelectorAdapter:259 - Refresh data is successful
2023-11-02 15:34:15,471 [INFO] ApiDb:581 - Connected to CubeFinder SQLite database (C:\Users\emily\.stmcufinder\plugins\mcufinder\mcu\cube-finder-db.db)
2023-11-02 15:34:15,648 [INFO] ApiDb:668 - CubeFinder database Data Model version=2.1
2023-11-02 15:34:15,648 [INFO] ApiDb:669 - CubeFinder database Configuration version=3.0.37
2023-11-02 15:34:15,649 [INFO] ApiDb:670 - CubeFinder database generation date=2023-10-13 (1697197505)
2023-11-02 15:34:15,650 [INFO] ApiDb:671 - CubeFinder database FW Pack versions=[FP-ATR-ASTRA1_V2.0.0, FP-SNS-FLIGHT1_V5.0.1, FP-SNS-FLIGHT1_V5.0.2, FP-SNS-MOTENV1_V4.3.1, FP-SNS-MOTENV1_V4.3.2, FP-SNS-SMARTAG2_V1.2.0, I-CUBE-ITTIADB_V8.6.3-1, STM32Cube_FW_C0_V1.1.0, STM32Cube_FW_F4_V1.27.1, STM32Cube_FW_F7_V1.17.0, STM32Cube_FW_G0_V1.6.1, STM32Cube_FW_G4_V1.5.1, STM32Cube_FW_H5_V0.5.1, STM32Cube_FW_H5_V1.1.1, STM32Cube_FW_H7_V1.11.0, STM32Cube_FW_L0_V1.12.2, STM32Cube_FW_L5_V1.5.0, STM32Cube_FW_U5_V1.3.0, STM32Cube_FW_U5_V1.3.0RC4, STM32Cube_FW_WBA_V1.0.0RC1, STM32Cube_FW_WBA_V1.1.0RC1, STM32Cube_FW_WBA_V1.1.1, STM32Cube_FW_WB_V1.15.0RC1, STM32Cube_FW_WB_V1.16.0, STM32Cube_FW_WB_V1.16.0RC2, STM32Cube_FW_WB_V1.17.3, STM32Cube_FW_WL_V1.3.0, X-CUBE-ALGOBUILD_V1.3.0, X-CUBE-ALS_V1.0.1, X-CUBE-AZRTOS-F4_V1.1.0, X-CUBE-AZRTOS-F7_V1.1.0, X-CUBE-AZRTOS-G0_V1.1.0, X-CUBE-AZRTOS-G4_V2.0.0, X-CUBE-AZRTOS-H7_V3.1.0, X-CUBE-AZRTOS-L4_V1.0.0, X-CUBE-AZRTOS-L4_V2.0.0, X-CUBE-AZRTOS-L5_V1.1.0, X-CUBE-AZRTOS-WB_V2.0.0, X-CUBE-AZRTOS-WL_V2.0.0, X-CUBE-BLE1_V7.0.0, X-CUBE-BLE2_V3.3.0, X-CUBE-BLEMGR_V2.0.0, X-CUBE-EEPRMA1_V4.1.0, X-CUBE-FREERTOS_V1.1.0, X-CUBE-GNSS1_V6.0.0, X-CUBE-MEMS1_V10.0.0, X-CUBE-MEMS1_V9.1.0, X-CUBE-MEMS1_V9.4.0, X-CUBE-MEMS1_V9.6.0, X-CUBE-NFC4_V3.0.0, X-CUBE-NFC7_V1.0.1, X-CUBE-SFXS2LP1_V4.0.0, X-CUBE-SUBG2_V5.0.0, X-CUBE-TOF1_V3.3.1]
2023-11-02 15:34:19,950 [ERROR] LogOutputStream:75 - [STDERR_REDIRECT] SLF4J: Failed to load class "org.slf4j.impl.StaticLoggerBinder".
2023-11-02 15:34:19,953 [ERROR] LogOutputStream:75 - [STDERR_REDIRECT] SLF4J: Defaulting to no-operation (NOP) logger implementation
2023-11-02 15:34:19,956 [ERROR] LogOutputStream:75 - [STDERR_REDIRECT] SLF4J: See http://www.slf4j.org/codes.html#StaticLoggerBinder for further details.
2023-11-02 15:34:20,309 [INFO] ApiDb:240 - Found 323 in-development CPN: [B-G473E-ZEST1S, B-WB1M-WPAN1, B-WL5M-SUBG1, NUCLEO-C031C6, NUCLEO-H503RB, NUCLEO-H563ZI, NUCLEO-U545RE-Q, NUCLEO-U5A5ZJ-Q, NUCLEO-WBA52CG, STEVAL-PROTEUS1, STEVAL-SMARTAG2, STEVAL-STWINBX1, STM320518-EVAL, STM32C0116-DK, STM32C011D6Y3TR, STM32C011D6Y6TR, STM32C011F4P3, STM32C011F4P6, STM32C011F4U3, STM32C011F4U6TR, STM32C011F6P3, STM32C011F6P6, STM32C011F6U3, STM32C011F6U6TR, STM32C011J4M3, STM32C011J4M6, STM32C011J6M3, STM32C011J6M6, STM32C0316-DK, STM32C031C4T3, STM32C031C4T6, STM32C031C4U3, STM32C031C4U6, STM32C031C6T3, STM32C031C6T6, STM32C031C6U3, STM32C031C6U6, STM32C031F4P3, STM32C031F4P6, STM32C031F6P3, STM32C031F6P6, STM32C031G4U3, STM32C031G4U6, STM32C031G6U3, STM32C031G6U6, STM32C031K4T3, STM32C031K4T6, STM32C031K4U3, STM32C031K4U6, STM32C031K6T3, STM32C031K6T6, STM32C031K6U3, STM32C031K6U6, STM32G071K8TXN, STM32G071K8UXN, STM32G081GBU6N, STM32G081KBT6N, STM32G081KBUXN, STM32G0B1CCT6N, STM32G0B1KCT6, STM32G0B1NEY6TR, STM32G0B1RCT6N, STM32G0C1CCT6, STM32G0C1CCT6N, STM32G0C1CCU6N, STM32G0C1CET6N, STM32G0C1CEU6N, STM32G0C1KCT6, STM32G0C1NEY6TR, STM32G0C1RCI6N, STM32G0C1RCT6N, STM32G0C1REI6N, STM32G0C1RET6N, STM32G0C1VCI6, STM32G0C1VEI6, STM32G471CCT6, STM32G471CCU6, STM32G471CET3, STM32G471CET6, STM32G471CEU3, STM32G471CEU6, STM32G471MCT6, STM32G471MET3, STM32G471MET6, STM32G471MEY6TR, STM32G471QCT6, STM32G471QET3, STM32G471RCT6, STM32G471RET3, STM32G471RET6, STM32G471VCH6, STM32G471VCI6, STM32G471VCT6, STM32G471VEH3, STM32G471VEH6, STM32G471VEI3, STM32G471VEI6, STM32G471VET3, STM32G471VET6, STM32G474CCT6, STM32H503CBT6, STM32H503CBU6, STM32H503EBY6TR, STM32H503KBU6, STM32H503RBT6, STM32H562AGI6, STM32H562AII6, STM32H562IGK6, STM32H562IGT6, STM32H562IIK6, STM32H562IIT6, STM32H562RGT6, STM32H562RGV6, STM32H562RIT6, STM32H562RIV6, STM32H562VGT6, STM32H562VIT6, STM32H562ZGT6, STM32H562ZIT6, STM32H563AGI6, STM32H563AII3Q, STM32H563AII6, STM32H563IGK6, STM32H563IGT6, STM32H563IIK3Q, STM32H563IIK6, STM32H563IIT3Q, STM32H563IIT6, STM32H563MIY3QTR, STM32H563RGT6, STM32H563RGV6, STM32H563RIT6, STM32H563RIV6, STM32H563VGT6, STM32H563VIT3Q, STM32H563VIT6, STM32H563ZGT6, STM32H563ZIT3Q, STM32H563ZIT6, STM32H573AII3Q, STM32H573AII6, STM32H573I-DK, STM32H573IIK3Q, STM32H573IIK6, STM32H573IIT3Q, STM32H573IIT6, STM32H573MIY3QTR, STM32H573RIT6, STM32H573RIV6, STM32H573VIT3Q, STM32H573VIT6, STM32H573ZIT3Q, STM32H573ZIT6, STM32L4R5QGI6STR, STM32MP131AAE3, STM32MP131AAF3, STM32MP131AAG3, STM32MP131CAE3, STM32MP131CAF3, STM32MP131CAG3, STM32MP131DAE7, STM32MP131DAF7, STM32MP131DAG7, STM32MP131FAE7, STM32MP131FAF7, STM32MP131FAG7, STM32MP133AAE3, STM32MP133AAF3, STM32MP133AAG3, STM32MP133CAE3, STM32MP133CAF3, STM32MP133CAG3, STM32MP133DAE7, STM32MP133DAF7, STM32MP133DAG7, STM32MP133FAE7, STM32MP133FAF7, STM32MP133FAG7, STM32MP135AAE3, STM32MP135AAF3, STM32MP135AAG3, STM32MP135CAE3, STM32MP135CAF3, STM32MP135CAG3, STM32MP135DAE7, STM32MP135DAF7, STM32MP135DAG7, STM32MP135F-DK, STM32MP135FAE7, STM32MP135FAF7, STM32MP135FAF7T, STM32MP135FAF7U, STM32MP135FAG7, STM32U535CBT6, STM32U535CBT6Q, STM32U535CBU6, STM32U535CBU6Q, STM32U535CCT6, STM32U535CCT6Q, STM32U535CCU6, STM32U535CCU6Q, STM32U535CET6, STM32U535CET6Q, STM32U535CEU6, STM32U535CEU6Q, STM32U535JEY6QTR, STM32U535NCY6QTR, STM32U535NEY6QTR, STM32U535RBI6, STM32U535RBI6Q, STM32U535RBT6, STM32U535RBT6Q, STM32U535RCI6, STM32U535RCI6Q, STM32U535RCT6, STM32U535RCT6Q, STM32U535REI6, STM32U535REI6Q, STM32U535RET6, STM32U535RET6Q, STM32U535VCI6, STM32U535VCI6Q, STM32U535VCT6, STM32U535VCT6Q, STM32U535VEI6, STM32U535VEI6Q, STM32U535VET6, STM32U535VET6Q, STM32U545CET6, STM32U545CET6Q, STM32U545CEU6, STM32U545CEU6Q, STM32U545JEY6QTR, STM32U545NEY6QTR, STM32U545REI6, STM32U545REI6Q, STM32U545RET6, STM32U545RET6Q, STM32U545VEI6, STM32U545VEI6Q, STM32U545VET6, STM32U545VET6Q, STM32U595AIH6, STM32U595AIH6Q, STM32U595AJH6, STM32U595AJH6Q, STM32U595QII6, STM32U595QII6Q, STM32U595QJI6, STM32U595QJI6Q, STM32U595RIT6, STM32U595RIT6Q, STM32U595RJT6, STM32U595RJT6Q, STM32U595VIT6, STM32U595VIT6Q, STM32U595VJT6, STM32U595VJT6Q, STM32U595ZIT6, STM32U595ZIT6Q, STM32U595ZIY6QTR, STM32U595ZJT6, STM32U595ZJT6Q, STM32U595ZJY6QTR, STM32U599BJY6QTR, STM32U599NIH6Q, STM32U599NJH6Q, STM32U599VIT6Q, STM32U599VJT6, STM32U599VJT6Q, STM32U599ZIT6Q, STM32U599ZIY6QTR, STM32U599ZJT6Q, STM32U599ZJY6QTR, STM32U5A5AJH6, STM32U5A5AJH6Q, STM32U5A5QJI6, STM32U5A5QJI6Q, STM32U5A5RJT6, STM32U5A5RJT6Q, STM32U5A5VJT6, STM32U5A5VJT6Q, STM32U5A5ZJT6, STM32U5A5ZJT6Q, STM32U5A5ZJY6QTR, STM32U5A9BJY6QTR, STM32U5A9J-DK, STM32U5A9NJH6Q, STM32U5A9VJT6Q, STM32U5A9ZJT6Q, STM32U5A9ZJY6QTR, STM32U5F7VIT6, STM32U5F7VIT6Q, STM32U5F7VJT6, STM32U5F7VJT6Q, STM32U5F9BJY6QTR, STM32U5F9NJH6Q, STM32U5F9VIT6Q, STM32U5F9VJT6Q, STM32U5F9ZIJ6QTR, STM32U5F9ZIT6Q, STM32U5F9ZJJ6QTR, STM32U5F9ZJT6Q, STM32U5G7VJT6, STM32U5G7VJT6Q, STM32U5G9BJY6QTR, STM32U5G9J-DK1, STM32U5G9J-DK2, STM32U5G9NJH6Q, STM32U5G9VJT6Q, STM32U5G9ZJJ6QTR, STM32U5G9ZJT6Q, STM32WB1MMCH6, STM32WBA52CEU6, STM32WBA52CEU6T, STM32WBA52CGU6, STM32WBA52CGU6T, STM32WBA52KEU6, STM32WBA52KEU6T, STM32WBA52KGU6, STM32WBA52KGU6T, STM32WL5MOCH6, STM32WL5MOCH6TR]
2023-11-02 15:34:20,324 [INFO] DbMcus:217 - Found 3848 MCUs, 3848 are supported
2023-11-02 15:34:20,325 [INFO] ApiDb:423 - Load user favorites file C:\Users\emily/.stm32cubeide/favorites.mcus.txt: 0 item(s)
2023-11-02 15:34:20,325 [INFO] ApiDb:427 - User favorites MCUs=[]
2023-11-02 15:34:20,326 [INFO] DbMcus:223 - Set 0 / 0 favorites MCUs
2023-11-02 15:34:21,411 [INFO] ApiDb:668 - CubeFinder database Data Model version=2.1
2023-11-02 15:34:21,411 [INFO] ApiDb:669 - CubeFinder database Configuration version=3.0.37
2023-11-02 15:34:21,411 [INFO] ApiDb:670 - CubeFinder database generation date=2023-10-13 (1697197505)
2023-11-02 15:34:21,411 [INFO] ApiDb:671 - CubeFinder database FW Pack versions=[FP-ATR-ASTRA1_V2.0.0, FP-SNS-FLIGHT1_V5.0.1, FP-SNS-FLIGHT1_V5.0.2, FP-SNS-MOTENV1_V4.3.1, FP-SNS-MOTENV1_V4.3.2, FP-SNS-SMARTAG2_V1.2.0, I-CUBE-ITTIADB_V8.6.3-1, STM32Cube_FW_C0_V1.1.0, STM32Cube_FW_F4_V1.27.1, STM32Cube_FW_F7_V1.17.0, STM32Cube_FW_G0_V1.6.1, STM32Cube_FW_G4_V1.5.1, STM32Cube_FW_H5_V0.5.1, STM32Cube_FW_H5_V1.1.1, STM32Cube_FW_H7_V1.11.0, STM32Cube_FW_L0_V1.12.2, STM32Cube_FW_L5_V1.5.0, STM32Cube_FW_U5_V1.3.0, STM32Cube_FW_U5_V1.3.0RC4, STM32Cube_FW_WBA_V1.0.0RC1, STM32Cube_FW_WBA_V1.1.0RC1, STM32Cube_FW_WBA_V1.1.1, STM32Cube_FW_WB_V1.15.0RC1, STM32Cube_FW_WB_V1.16.0, STM32Cube_FW_WB_V1.16.0RC2, STM32Cube_FW_WB_V1.17.3, STM32Cube_FW_WL_V1.3.0, X-CUBE-ALGOBUILD_V1.3.0, X-CUBE-ALS_V1.0.1, X-CUBE-AZRTOS-F4_V1.1.0, X-CUBE-AZRTOS-F7_V1.1.0, X-CUBE-AZRTOS-G0_V1.1.0, X-CUBE-AZRTOS-G4_V2.0.0, X-CUBE-AZRTOS-H7_V3.1.0, X-CUBE-AZRTOS-L4_V1.0.0, X-CUBE-AZRTOS-L4_V2.0.0, X-CUBE-AZRTOS-L5_V1.1.0, X-CUBE-AZRTOS-WB_V2.0.0, X-CUBE-AZRTOS-WL_V2.0.0, X-CUBE-BLE1_V7.0.0, X-CUBE-BLE2_V3.3.0, X-CUBE-BLEMGR_V2.0.0, X-CUBE-EEPRMA1_V4.1.0, X-CUBE-FREERTOS_V1.1.0, X-CUBE-GNSS1_V6.0.0, X-CUBE-MEMS1_V10.0.0, X-CUBE-MEMS1_V9.1.0, X-CUBE-MEMS1_V9.4.0, X-CUBE-MEMS1_V9.6.0, X-CUBE-NFC4_V3.0.0, X-CUBE-NFC7_V1.0.1, X-CUBE-SFXS2LP1_V4.0.0, X-CUBE-SUBG2_V5.0.0, X-CUBE-TOF1_V3.3.1]
2023-11-02 15:34:21,576 [INFO] DbBoardsSqlite:226 - include board P-NUCLEO-WB55-NUCLEO as a kit item of type 'Nucleo-64'
2023-11-02 15:34:21,576 [INFO] DbBoardsSqlite:226 - include board P-NUCLEO-WB55-USBDONGLE as a kit item of type 'Nucleo USB Dongle'
2023-11-02 15:34:21,577 [INFO] DbBoardsSqlite:226 - include board STEVAL-IDP005V1 as a kit item of type 'Evaluation Board'
2023-11-02 15:34:21,578 [INFO] DbBoardsSqlite:226 - include board STEVAL-IDP005V2 as a kit item of type 'Evaluation Board'
2023-11-02 15:34:21,722 [INFO] ApiDb:240 - Found 323 in-development CPN: [B-G473E-ZEST1S, B-WB1M-WPAN1, B-WL5M-SUBG1, NUCLEO-C031C6, NUCLEO-H503RB, NUCLEO-H563ZI, NUCLEO-U545RE-Q, NUCLEO-U5A5ZJ-Q, NUCLEO-WBA52CG, STEVAL-PROTEUS1, STEVAL-SMARTAG2, STEVAL-STWINBX1, STM320518-EVAL, STM32C0116-DK, STM32C011D6Y3TR, STM32C011D6Y6TR, STM32C011F4P3, STM32C011F4P6, STM32C011F4U3, STM32C011F4U6TR, STM32C011F6P3, STM32C011F6P6, STM32C011F6U3, STM32C011F6U6TR, STM32C011J4M3, STM32C011J4M6, STM32C011J6M3, STM32C011J6M6, STM32C0316-DK, STM32C031C4T3, STM32C031C4T6, STM32C031C4U3, STM32C031C4U6, STM32C031C6T3, STM32C031C6T6, STM32C031C6U3, STM32C031C6U6, STM32C031F4P3, STM32C031F4P6, STM32C031F6P3, STM32C031F6P6, STM32C031G4U3, STM32C031G4U6, STM32C031G6U3, STM32C031G6U6, STM32C031K4T3, STM32C031K4T6, STM32C031K4U3, STM32C031K4U6, STM32C031K6T3, STM32C031K6T6, STM32C031K6U3, STM32C031K6U6, STM32G071K8TXN, STM32G071K8UXN, STM32G081GBU6N, STM32G081KBT6N, STM32G081KBUXN, STM32G0B1CCT6N, STM32G0B1KCT6, STM32G0B1NEY6TR, STM32G0B1RCT6N, STM32G0C1CCT6, STM32G0C1CCT6N, STM32G0C1CCU6N, STM32G0C1CET6N, STM32G0C1CEU6N, STM32G0C1KCT6, STM32G0C1NEY6TR, STM32G0C1RCI6N, STM32G0C1RCT6N, STM32G0C1REI6N, STM32G0C1RET6N, STM32G0C1VCI6, STM32G0C1VEI6, STM32G471CCT6, STM32G471CCU6, STM32G471CET3, STM32G471CET6, STM32G471CEU3, STM32G471CEU6, STM32G471MCT6, STM32G471MET3, STM32G471MET6, STM32G471MEY6TR, STM32G471QCT6, STM32G471QET3, STM32G471RCT6, STM32G471RET3, STM32G471RET6, STM32G471VCH6, STM32G471VCI6, STM32G471VCT6, STM32G471VEH3, STM32G471VEH6, STM32G471VEI3, STM32G471VEI6, STM32G471VET3, STM32G471VET6, STM32G474CCT6, STM32H503CBT6, STM32H503CBU6, STM32H503EBY6TR, STM32H503KBU6, STM32H503RBT6, STM32H562AGI6, STM32H562AII6, STM32H562IGK6, STM32H562IGT6, STM32H562IIK6, STM32H562IIT6, STM32H562RGT6, STM32H562RGV6, STM32H562RIT6, STM32H562RIV6, STM32H562VGT6, STM32H562VIT6, STM32H562ZGT6, STM32H562ZIT6, STM32H563AGI6, STM32H563AII3Q, STM32H563AII6, STM32H563IGK6, STM32H563IGT6, STM32H563IIK3Q, STM32H563IIK6, STM32H563IIT3Q, STM32H563IIT6, STM32H563MIY3QTR, STM32H563RGT6, STM32H563RGV6, STM32H563RIT6, STM32H563RIV6, STM32H563VGT6, STM32H563VIT3Q, STM32H563VIT6, STM32H563ZGT6, STM32H563ZIT3Q, STM32H563ZIT6, STM32H573AII3Q, STM32H573AII6, STM32H573I-DK, STM32H573IIK3Q, STM32H573IIK6, STM32H573IIT3Q, STM32H573IIT6, STM32H573MIY3QTR, STM32H573RIT6, STM32H573RIV6, STM32H573VIT3Q, STM32H573VIT6, STM32H573ZIT3Q, STM32H573ZIT6, STM32L4R5QGI6STR, STM32MP131AAE3, STM32MP131AAF3, STM32MP131AAG3, STM32MP131CAE3, STM32MP131CAF3, STM32MP131CAG3, STM32MP131DAE7, STM32MP131DAF7, STM32MP131DAG7, STM32MP131FAE7, STM32MP131FAF7, STM32MP131FAG7, STM32MP133AAE3, STM32MP133AAF3, STM32MP133AAG3, STM32MP133CAE3, STM32MP133CAF3, STM32MP133CAG3, STM32MP133DAE7, STM32MP133DAF7, STM32MP133DAG7, STM32MP133FAE7, STM32MP133FAF7, STM32MP133FAG7, STM32MP135AAE3, STM32MP135AAF3, STM32MP135AAG3, STM32MP135CAE3, STM32MP135CAF3, STM32MP135CAG3, STM32MP135DAE7, STM32MP135DAF7, STM32MP135DAG7, STM32MP135F-DK, STM32MP135FAE7, STM32MP135FAF7, STM32MP135FAF7T, STM32MP135FAF7U, STM32MP135FAG7, STM32U535CBT6, STM32U535CBT6Q, STM32U535CBU6, STM32U535CBU6Q, STM32U535CCT6, STM32U535CCT6Q, STM32U535CCU6, STM32U535CCU6Q, STM32U535CET6, STM32U535CET6Q, STM32U535CEU6, STM32U535CEU6Q, STM32U535JEY6QTR, STM32U535NCY6QTR, STM32U535NEY6QTR, STM32U535RBI6, STM32U535RBI6Q, STM32U535RBT6, STM32U535RBT6Q, STM32U535RCI6, STM32U535RCI6Q, STM32U535RCT6, STM32U535RCT6Q, STM32U535REI6, STM32U535REI6Q, STM32U535RET6, STM32U535RET6Q, STM32U535VCI6, STM32U535VCI6Q, STM32U535VCT6, STM32U535VCT6Q, STM32U535VEI6, STM32U535VEI6Q, STM32U535VET6, STM32U535VET6Q, STM32U545CET6, STM32U545CET6Q, STM32U545CEU6, STM32U545CEU6Q, STM32U545JEY6QTR, STM32U545NEY6QTR, STM32U545REI6, STM32U545REI6Q, STM32U545RET6, STM32U545RET6Q, STM32U545VEI6, STM32U545VEI6Q, STM32U545VET6, STM32U545VET6Q, STM32U595AIH6, STM32U595AIH6Q, STM32U595AJH6, STM32U595AJH6Q, STM32U595QII6, STM32U595QII6Q, STM32U595QJI6, STM32U595QJI6Q, STM32U595RIT6, STM32U595RIT6Q, STM32U595RJT6, STM32U595RJT6Q, STM32U595VIT6, STM32U595VIT6Q, STM32U595VJT6, STM32U595VJT6Q, STM32U595ZIT6, STM32U595ZIT6Q, STM32U595ZIY6QTR, STM32U595ZJT6, STM32U595ZJT6Q, STM32U595ZJY6QTR, STM32U599BJY6QTR, STM32U599NIH6Q, STM32U599NJH6Q, STM32U599VIT6Q, STM32U599VJT6, STM32U599VJT6Q, STM32U599ZIT6Q, STM32U599ZIY6QTR, STM32U599ZJT6Q, STM32U599ZJY6QTR, STM32U5A5AJH6, STM32U5A5AJH6Q, STM32U5A5QJI6, STM32U5A5QJI6Q, STM32U5A5RJT6, STM32U5A5RJT6Q, STM32U5A5VJT6, STM32U5A5VJT6Q, STM32U5A5ZJT6, STM32U5A5ZJT6Q, STM32U5A5ZJY6QTR, STM32U5A9BJY6QTR, STM32U5A9J-DK, STM32U5A9NJH6Q, STM32U5A9VJT6Q, STM32U5A9ZJT6Q, STM32U5A9ZJY6QTR, STM32U5F7VIT6, STM32U5F7VIT6Q, STM32U5F7VJT6, STM32U5F7VJT6Q, STM32U5F9BJY6QTR, STM32U5F9NJH6Q, STM32U5F9VIT6Q, STM32U5F9VJT6Q, STM32U5F9ZIJ6QTR, STM32U5F9ZIT6Q, STM32U5F9ZJJ6QTR, STM32U5F9ZJT6Q, STM32U5G7VJT6, STM32U5G7VJT6Q, STM32U5G9BJY6QTR, STM32U5G9J-DK1, STM32U5G9J-DK2, STM32U5G9NJH6Q, STM32U5G9VJT6Q, STM32U5G9ZJJ6QTR, STM32U5G9ZJT6Q, STM32WB1MMCH6, STM32WBA52CEU6, STM32WBA52CEU6T, STM32WBA52CGU6, STM32WBA52CGU6T, STM32WBA52KEU6, STM32WBA52KEU6T, STM32WBA52KGU6, STM32WBA52KGU6T, STM32WL5MOCH6, STM32WL5MOCH6TR]
2023-11-02 15:34:22,064 [INFO] BoardInfo:880 - No configuration file found for board P-NUCLEO-WB55
2023-11-02 15:34:22,064 [INFO] DbBoards:157 - Kit is not supported: P-NUCLEO-WB55
2023-11-02 15:34:22,076 [INFO] BoardInfo:880 - No configuration file found for board STEVAL-BFA001V1B
2023-11-02 15:34:22,077 [INFO] DbBoards:157 - Kit is not supported: STEVAL-BFA001V1B
2023-11-02 15:34:22,081 [INFO] BoardInfo:880 - No configuration file found for board STEVAL-BFA001V2B
2023-11-02 15:34:22,081 [INFO] DbBoards:157 - Kit is not supported: STEVAL-BFA001V2B
2023-11-02 15:34:22,376 [INFO] DbBoards:161 - Found 190 boards, 187 are supported
2023-11-02 15:34:22,383 [INFO] ApiDb:423 - Load user favorites file C:\Users\emily/.stm32cubeide/favorites.boards.txt: 0 item(s)
2023-11-02 15:34:22,383 [INFO] ApiDb:427 - User favorites Boards=[]
2023-11-02 15:34:22,383 [INFO] DbBoards:190 - Set 0 / 0 favorites Boards
2023-11-02 15:34:22,390 [INFO] ApiDb:668 - CubeFinder database Data Model version=2.1
2023-11-02 15:34:22,390 [INFO] ApiDb:669 - CubeFinder database Configuration version=3.0.37
2023-11-02 15:34:22,390 [INFO] ApiDb:670 - CubeFinder database generation date=2023-10-13 (1697197505)
2023-11-02 15:34:22,390 [INFO] ApiDb:671 - CubeFinder database FW Pack versions=[FP-ATR-ASTRA1_V2.0.0, FP-SNS-FLIGHT1_V5.0.1, FP-SNS-FLIGHT1_V5.0.2, FP-SNS-MOTENV1_V4.3.1, FP-SNS-MOTENV1_V4.3.2, FP-SNS-SMARTAG2_V1.2.0, I-CUBE-ITTIADB_V8.6.3-1, STM32Cube_FW_C0_V1.1.0, STM32Cube_FW_F4_V1.27.1, STM32Cube_FW_F7_V1.17.0, STM32Cube_FW_G0_V1.6.1, STM32Cube_FW_G4_V1.5.1, STM32Cube_FW_H5_V0.5.1, STM32Cube_FW_H5_V1.1.1, STM32Cube_FW_H7_V1.11.0, STM32Cube_FW_L0_V1.12.2, STM32Cube_FW_L5_V1.5.0, STM32Cube_FW_U5_V1.3.0, STM32Cube_FW_U5_V1.3.0RC4, STM32Cube_FW_WBA_V1.0.0RC1, STM32Cube_FW_WBA_V1.1.0RC1, STM32Cube_FW_WBA_V1.1.1, STM32Cube_FW_WB_V1.15.0RC1, STM32Cube_FW_WB_V1.16.0, STM32Cube_FW_WB_V1.16.0RC2, STM32Cube_FW_WB_V1.17.3, STM32Cube_FW_WL_V1.3.0, X-CUBE-ALGOBUILD_V1.3.0, X-CUBE-ALS_V1.0.1, X-CUBE-AZRTOS-F4_V1.1.0, X-CUBE-AZRTOS-F7_V1.1.0, X-CUBE-AZRTOS-G0_V1.1.0, X-CUBE-AZRTOS-G4_V2.0.0, X-CUBE-AZRTOS-H7_V3.1.0, X-CUBE-AZRTOS-L4_V1.0.0, X-CUBE-AZRTOS-L4_V2.0.0, X-CUBE-AZRTOS-L5_V1.1.0, X-CUBE-AZRTOS-WB_V2.0.0, X-CUBE-AZRTOS-WL_V2.0.0, X-CUBE-BLE1_V7.0.0, X-CUBE-BLE2_V3.3.0, X-CUBE-BLEMGR_V2.0.0, X-CUBE-EEPRMA1_V4.1.0, X-CUBE-FREERTOS_V1.1.0, X-CUBE-GNSS1_V6.0.0, X-CUBE-MEMS1_V10.0.0, X-CUBE-MEMS1_V9.1.0, X-CUBE-MEMS1_V9.4.0, X-CUBE-MEMS1_V9.6.0, X-CUBE-NFC4_V3.0.0, X-CUBE-NFC7_V1.0.1, X-CUBE-SFXS2LP1_V4.0.0, X-CUBE-SUBG2_V5.0.0, X-CUBE-TOF1_V3.3.1]
2023-11-02 15:34:24,185 [ERROR] DbExamplesSqlite:437 - Missing JSON key: board_cpn
2023-11-02 15:34:24,186 [ERROR] DbExamplesSqlite:437 - Missing JSON key: board_cpn
2023-11-02 15:34:24,186 [ERROR] DbExamplesSqlite:437 - Missing JSON key: board_cpn
2023-11-02 15:34:24,187 [ERROR] DbExamplesSqlite:437 - Missing JSON key: board_cpn
2023-11-02 15:34:24,208 [INFO] DbExamplesSqlite:395 - Ignored 27 examples not supported by CubeIDE
2023-11-02 15:34:24,208 [INFO] DbExamplesSqlite:396 - Found 7221 examples active
2023-11-02 15:34:24,208 [INFO] DbExamplesSqlite:397 - Found 777 examples obsolete
2023-11-02 15:34:24,209 [INFO] DbExamplesSqlite:398 - Found 0 examples under development
2023-11-02 15:34:24,209 [INFO] DbExamplesSqlite:399 - Found 74 examples not building
2023-11-02 15:34:24,212 [INFO] DbExamples:125 - Found 7268 examples
2023-11-02 15:34:24,237 [INFO] DbExamples:222 - Found 93 boards with related examples
2023-11-02 15:34:24,238 [INFO] DbExamples:235 - Found 79 MCUs with related examples
2023-11-02 15:34:24,274 [INFO] ApiDb:414 - User favorites file not found: C:\Users\emily/.stm32cubeide/favorites.examples.txt
2023-11-02 15:34:24,274 [INFO] DbExamples:250 - Set 0 / 0 favorites Examples
2023-11-02 15:34:25,247 [INFO] McuFinderGlobals:76 - Set McuFinderConnectedMode to true
2023-11-02 15:34:25,264 [INFO] MultiScanPanel:200 - Auto-refresh data requested => check proxy status ongoing
2023-11-02 15:34:25,271 [INFO] FinderPluginLoader:95 - Searching for filters in installed packs
2023-11-02 15:34:28,440 [INFO] LoadUrlFilesThread:185 - End of LoadServerUrlFiles without Thread
2023-11-02 15:34:28,470 [INFO] DetailPanel:341 - Set advertising image to C:/Users/emily/STM32Cube/Repository/\en.prom-stm32h5-mcu-finder.jpg
2023-11-02 15:34:55,317 [INFO] MainUpdater:2868 - connection check result : 10
2023-11-02 15:34:55,317 [INFO] MainUpdater:2868 - connection check result : 10
2023-11-02 15:34:55,392 [INFO] MicroXplorer:468 - Change Database Path : 
2023-11-02 15:34:55,393 [INFO] MicroXplorer:498 - Change Database Version : DB.6.0.92
2023-11-02 15:34:55,403 [WARN] ThirdParty:871 - waiting for thirdparty lock release [close project]
2023-11-02 15:34:55,403 [INFO] ThirdParty:873 - entering critical section [close project]
2023-11-02 15:34:55,405 [INFO] ThirdParty:883 - exiting critical section [close project]
2023-11-02 15:34:55,409 [INFO] PinOutPanel:1499 - setPackage(No Configuration,No Configuration)
2023-11-02 15:34:55,421 [INFO] UtilMem:75 - Begin LoadConfig() Used Memory: 406322240 Bytes (688914432)
2023-11-02 15:34:55,425 [INFO] MicroXplorer:468 - Change Database Path : 
2023-11-02 15:34:55,425 [INFO] MicroXplorer:498 - Change Database Version : DB.6.0.92
2023-11-02 15:34:55,426 [INFO] OpenFileManager:308 - Change cursor
2023-11-02 15:34:55,529 [INFO] Mcu:1946 - Initializing MCU STM32F411R(C-E)Tx STM32F411RETx STM32F411RET6
2023-11-02 15:34:58,596 [INFO] Context:659 - Trying to add GPIOservice into a context  which must be forbidden
2023-11-02 15:34:59,874 [INFO] RtosManager:555 - Registered RTOS mode: class=CMSIS, group=RTOS, mode=CMSIS_V1, owner=FREERTOS
2023-11-02 15:34:59,875 [INFO] RtosManager:555 - Registered RTOS mode: class=CMSIS, group=RTOS2, mode=CMSIS_V2, owner=FREERTOS
2023-11-02 15:34:59,875 [INFO] RtosManager:555 - Registered RTOS mode: class=RTOS, group=Core, mode=CMSIS_V1, owner=FREERTOS
2023-11-02 15:34:59,875 [INFO] RtosManager:555 - Registered RTOS mode: class=RTOS, group=Core, mode=CMSIS_V2, owner=FREERTOS
2023-11-02 15:34:59,875 [WARN] ModelIntegratedComponent:184 - Missing modes for component STMicroelectronics:FreeRTOS:0.0.1:STMicroelectronics:RTOS:FreeRTOS:Core:::10.2.0:
2023-11-02 15:34:59,887 [WARN] ModelIntegratedComponent:182 - Modes not found for component STMicroelectronics:USB_HOST:1.0.0:STMicroelectronics:USB::USB Host:Audio HS::1.0:USB_HOST_1_0_RESTRICTED_HS
2023-11-02 15:34:59,888 [WARN] ModelIntegratedComponent:188 - Modes not found for component STMicroelectronics:USB_HOST:1.0.0:STMicroelectronics:USB::USB Host:Audio HS::1.0:USB_HOST_1_0_RESTRICTED_HS
2023-11-02 15:34:59,888 [WARN] ModelIntegratedComponent:182 - Modes not found for component STMicroelectronics:USB_HOST:1.0.0:STMicroelectronics:USB::USB Host:CDC HS::1.0:USB_HOST_1_0_RESTRICTED_HS
2023-11-02 15:34:59,888 [WARN] ModelIntegratedComponent:188 - Modes not found for component STMicroelectronics:USB_HOST:1.0.0:STMicroelectronics:USB::USB Host:CDC HS::1.0:USB_HOST_1_0_RESTRICTED_HS
2023-11-02 15:34:59,888 [WARN] ModelIntegratedComponent:182 - Modes not found for component STMicroelectronics:USB_HOST:1.0.0:STMicroelectronics:USB::USB Host:MSC HS::1.0:USB_HOST_1_0_RESTRICTED_HS
2023-11-02 15:34:59,888 [WARN] ModelIntegratedComponent:188 - Modes not found for component STMicroelectronics:USB_HOST:1.0.0:STMicroelectronics:USB::USB Host:MSC HS::1.0:USB_HOST_1_0_RESTRICTED_HS
2023-11-02 15:34:59,889 [WARN] ModelIntegratedComponent:182 - Modes not found for component STMicroelectronics:USB_HOST:1.0.0:STMicroelectronics:USB::USB Host:HID HS::1.0:USB_HOST_1_0_RESTRICTED_HS
2023-11-02 15:34:59,889 [WARN] ModelIntegratedComponent:188 - Modes not found for component STMicroelectronics:USB_HOST:1.0.0:STMicroelectronics:USB::USB Host:HID HS::1.0:USB_HOST_1_0_RESTRICTED_HS
2023-11-02 15:34:59,889 [WARN] ModelIntegratedComponent:182 - Modes not found for component STMicroelectronics:USB_HOST:1.0.0:STMicroelectronics:USB::USB Host:MTP HS::1.0:USB_HOST_1_0_RESTRICTED_HS
2023-11-02 15:34:59,889 [WARN] ModelIntegratedComponent:188 - Modes not found for component STMicroelectronics:USB_HOST:1.0.0:STMicroelectronics:USB::USB Host:MTP HS::1.0:USB_HOST_1_0_RESTRICTED_HS
2023-11-02 15:34:59,918 [WARN] ModelIntegratedComponent:63 - No mode defined for component null
2023-11-02 15:34:59,919 [WARN] ModelIntegratedComponent:63 - No mode defined for component null
2023-11-02 15:34:59,919 [WARN] ModelIntegratedComponent:63 - No mode defined for component null
2023-11-02 15:34:59,919 [WARN] ModelIntegratedComponent:63 - No mode defined for component null
2023-11-02 15:34:59,919 [WARN] ModelIntegratedComponent:63 - No mode defined for component null
2023-11-02 15:34:59,920 [WARN] ModelIntegratedComponent:63 - No mode defined for component null
2023-11-02 15:34:59,920 [WARN] ModelIntegratedComponent:63 - No mode defined for component null
2023-11-02 15:34:59,920 [WARN] ModelIntegratedComponent:63 - No mode defined for component null
2023-11-02 15:34:59,920 [WARN] ModelIntegratedComponent:63 - No mode defined for component null
2023-11-02 15:34:59,920 [WARN] ModelIntegratedComponent:63 - No mode defined for component null
2023-11-02 15:34:59,920 [WARN] ModelIntegratedComponent:63 - No mode defined for component null
2023-11-02 15:34:59,921 [WARN] ModelIntegratedComponent:63 - No mode defined for component null
2023-11-02 15:34:59,921 [WARN] ModelIntegratedComponent:63 - No mode defined for component null
2023-11-02 15:34:59,921 [WARN] ModelIntegratedComponent:63 - No mode defined for component null
2023-11-02 15:34:59,921 [WARN] ModelIntegratedComponent:63 - No mode defined for component null
2023-11-02 15:34:59,921 [WARN] ModelIntegratedComponent:63 - No mode defined for component null
2023-11-02 15:34:59,921 [WARN] ModelIntegratedComponent:63 - No mode defined for component null
2023-11-02 15:34:59,921 [WARN] ModelIntegratedComponent:63 - No mode defined for component null
2023-11-02 15:34:59,922 [WARN] ModelIntegratedComponent:63 - No mode defined for component null
2023-11-02 15:34:59,922 [WARN] ModelIntegratedComponent:63 - No mode defined for component null
2023-11-02 15:34:59,922 [WARN] ModelIntegratedComponent:63 - No mode defined for component null
2023-11-02 15:34:59,922 [WARN] ModelIntegratedComponent:63 - No mode defined for component null
2023-11-02 15:34:59,922 [WARN] ModelIntegratedComponent:63 - No mode defined for component null
2023-11-02 15:34:59,923 [WARN] ModelIntegratedComponent:63 - No mode defined for component null
2023-11-02 15:34:59,923 [WARN] ModelIntegratedComponent:63 - No mode defined for component null
2023-11-02 15:34:59,923 [WARN] ModelIntegratedComponent:63 - No mode defined for component null
2023-11-02 15:34:59,923 [WARN] ModelIntegratedComponent:63 - No mode defined for component null
2023-11-02 15:34:59,923 [WARN] ModelIntegratedComponent:63 - No mode defined for component null
2023-11-02 15:34:59,923 [WARN] ModelIntegratedComponent:63 - No mode defined for component null
2023-11-02 15:34:59,923 [WARN] ModelIntegratedComponent:63 - No mode defined for component null
2023-11-02 15:34:59,923 [WARN] ModelIntegratedComponent:63 - No mode defined for component null
2023-11-02 15:34:59,924 [WARN] ModelIntegratedComponent:63 - No mode defined for component null
2023-11-02 15:34:59,924 [WARN] ModelIntegratedComponent:63 - No mode defined for component null
2023-11-02 15:35:00,244 [WARN] ModelIntegratedComponent:182 - Modes not found for component STMicroelectronics:USB_DEVICE:1.0.0:STMicroelectronics:USB::USB Device:Audio HS::1.0:USB_DEVICE_1_0_RESTRICTED_HS
2023-11-02 15:35:00,245 [WARN] ModelIntegratedComponent:188 - Modes not found for component STMicroelectronics:USB_DEVICE:1.0.0:STMicroelectronics:USB::USB Device:Audio HS::1.0:USB_DEVICE_1_0_RESTRICTED_HS
2023-11-02 15:35:00,245 [WARN] ModelIntegratedComponent:182 - Modes not found for component STMicroelectronics:USB_DEVICE:1.0.0:STMicroelectronics:USB::USB Device:CDC HS::1.0:USB_DEVICE_1_0_RESTRICTED_HS
2023-11-02 15:35:00,245 [WARN] ModelIntegratedComponent:188 - Modes not found for component STMicroelectronics:USB_DEVICE:1.0.0:STMicroelectronics:USB::USB Device:CDC HS::1.0:USB_DEVICE_1_0_RESTRICTED_HS
2023-11-02 15:35:00,245 [WARN] ModelIntegratedComponent:182 - Modes not found for component STMicroelectronics:USB_DEVICE:1.0.0:STMicroelectronics:USB::USB Device:DFU HS::1.0:USB_DEVICE_1_0_RESTRICTED_HS
2023-11-02 15:35:00,245 [WARN] ModelIntegratedComponent:188 - Modes not found for component STMicroelectronics:USB_DEVICE:1.0.0:STMicroelectronics:USB::USB Device:DFU HS::1.0:USB_DEVICE_1_0_RESTRICTED_HS
2023-11-02 15:35:00,245 [WARN] ModelIntegratedComponent:182 - Modes not found for component STMicroelectronics:USB_DEVICE:1.0.0:STMicroelectronics:USB::USB Device:HID HS::1.0:USB_DEVICE_1_0_RESTRICTED_HS
2023-11-02 15:35:00,245 [WARN] ModelIntegratedComponent:188 - Modes not found for component STMicroelectronics:USB_DEVICE:1.0.0:STMicroelectronics:USB::USB Device:HID HS::1.0:USB_DEVICE_1_0_RESTRICTED_HS
2023-11-02 15:35:00,246 [WARN] ModelIntegratedComponent:182 - Modes not found for component STMicroelectronics:USB_DEVICE:1.0.0:STMicroelectronics:USB::USB Device:Custom HID HS::1.0:USB_DEVICE_1_0_RESTRICTED_HS
2023-11-02 15:35:00,246 [WARN] ModelIntegratedComponent:188 - Modes not found for component STMicroelectronics:USB_DEVICE:1.0.0:STMicroelectronics:USB::USB Device:Custom HID HS::1.0:USB_DEVICE_1_0_RESTRICTED_HS
2023-11-02 15:35:00,246 [WARN] ModelIntegratedComponent:182 - Modes not found for component STMicroelectronics:USB_DEVICE:1.0.0:STMicroelectronics:USB::USB Device:MSC HS::1.0:USB_DEVICE_1_0_RESTRICTED_HS
2023-11-02 15:35:00,246 [WARN] ModelIntegratedComponent:188 - Modes not found for component STMicroelectronics:USB_DEVICE:1.0.0:STMicroelectronics:USB::USB Device:MSC HS::1.0:USB_DEVICE_1_0_RESTRICTED_HS
2023-11-02 15:35:00,273 [INFO] ThirdPartyModel:298 - Start build external matchings
2023-11-02 15:35:02,769 [INFO] ThirdPartyModel:316 - End build external matchings
2023-11-02 15:35:02,822 [INFO] ImportTextPane:194 - (OptionalMessage_ERROR) IP (RCC) : Parameter (48MHZClocksFreq_Value) has invalid value (84000000)
2023-11-02 15:35:02,827 [INFO] ImportTextPane:194 - (OptionalMessage_ERROR) IP (RCC) : Parameter (FLatency) has Id (AdvancedSettings) currently not set
2023-11-02 15:35:02,828 [INFO] ImportTextPane:194 - (OptionalMessage_ERROR) IP (RCC) : Parameter (RTCHSEDivFreq_Value) has invalid value (4000000)
2023-11-02 15:35:03,418 [INFO] UtilMem:75 - End LoadConfig() Used Memory: 494212584 Bytes (977272832)
2023-11-02 15:35:03,835 [WARN] ThirdParty:833 - waiting for thirdparty lock release [change project]
2023-11-02 15:35:03,835 [INFO] ThirdParty:835 - entering critical section [change project]
2023-11-02 15:35:03,836 [INFO] ThirdParty:1030 - CMSIS Pack Vendor :STMicroelectronics X-CUBE-ISPU 1.1.0
2023-11-02 15:35:03,836 [INFO] ThirdParty:1030 - CMSIS Pack Vendor :STMicroelectronics USBPD 4.1
2023-11-02 15:35:03,836 [INFO] ThirdParty:1030 - CMSIS Pack Vendor :STMicroelectronics X-CUBE-GNSS1 6.0.0
2023-11-02 15:35:03,836 [INFO] ThirdParty:1030 - CMSIS Pack Vendor :STMicroelectronics USB_HOST 2.0.0
2023-11-02 15:35:03,836 [INFO] ThirdParty:1030 - CMSIS Pack Vendor :STMicroelectronics X-CUBE-AZRTOS-F4 1.1.0
2023-11-02 15:35:03,836 [INFO] ThirdParty:1030 - CMSIS Pack Vendor :STMicroelectronics LIBJPEG 8.0.0
2023-11-02 15:35:03,836 [INFO] ThirdParty:1030 - CMSIS Pack Vendor :wolfSSL I-CUBE-wolfSSL 5.6.3
2023-11-02 15:35:03,837 [INFO] ThirdParty:1030 - CMSIS Pack Vendor :STMicroelectronics X-CUBE-SMBUS 2.1.0
2023-11-02 15:35:03,837 [INFO] ThirdParty:1030 - CMSIS Pack Vendor :STMicroelectronics USB_DEVICE 3.0.0
2023-11-02 15:35:03,837 [INFO] ThirdParty:1030 - CMSIS Pack Vendor :STMicroelectronics X-CUBE-AZRTOS-WB 2.0.0
2023-11-02 15:35:03,837 [INFO] ThirdParty:1030 - CMSIS Pack Vendor :STMicroelectronics X-CUBE-AZRTOS-F7 1.1.0
2023-11-02 15:35:03,837 [INFO] ThirdParty:1030 - CMSIS Pack Vendor :STMicroelectronics X-CUBE-AZRTOS-L5 2.0.0
2023-11-02 15:35:03,837 [INFO] ThirdParty:1030 - CMSIS Pack Vendor :STMicroelectronics USB_DEVICE 2.0.0
2023-11-02 15:35:03,837 [INFO] ThirdParty:1030 - CMSIS Pack Vendor :STMicroelectronics X-CUBE-MEMS1 9.6.0
2023-11-02 15:35:03,837 [INFO] ThirdParty:1030 - CMSIS Pack Vendor :STMicroelectronics X-CUBE-EEPRMA1 4.2.0
2023-11-02 15:35:03,837 [INFO] ThirdParty:1030 - CMSIS Pack Vendor :ITTIA_DB I-CUBE-ITTIADB 8.8.0
2023-11-02 15:35:03,837 [INFO] ThirdParty:1030 - CMSIS Pack Vendor :STMicroelectronics FP-SNS-MOTENV1 4.3.2
2023-11-02 15:35:03,837 [INFO] ThirdParty:1030 - CMSIS Pack Vendor :STMicroelectronics X-CUBE-ALGOBUILD 1.3.0
2023-11-02 15:35:03,837 [INFO] ThirdParty:1030 - CMSIS Pack Vendor :STMicroelectronics FreeRTOS 0.0.1
2023-11-02 15:35:03,837 [INFO] ThirdParty:1030 - CMSIS Pack Vendor :STMicroelectronics X-CUBE-AZRTOS-G0 1.1.0
2023-11-02 15:35:03,837 [INFO] ThirdParty:1030 - CMSIS Pack Vendor :STMicroelectronics X-CUBE-BLEMGR 2.0.0
2023-11-02 15:35:03,837 [INFO] ThirdParty:1030 - CMSIS Pack Vendor :STMicroelectronics X-CUBE-NFC4 3.0.0
2023-11-02 15:35:03,839 [INFO] ThirdParty:1030 - CMSIS Pack Vendor :STMicroelectronics X-CUBE-SUBG2 5.0.0
2023-11-02 15:35:03,839 [INFO] ThirdParty:1030 - CMSIS Pack Vendor :STMicroelectronics STM32_WPAN 1.0.0
2023-11-02 15:35:03,839 [INFO] ThirdParty:1030 - CMSIS Pack Vendor :STMicroelectronics lwIP 2.0.3
2023-11-02 15:35:03,839 [INFO] ThirdParty:1030 - CMSIS Pack Vendor :STMicroelectronics FP-SNS-FLIGHT1 5.0.2
2023-11-02 15:35:03,839 [INFO] ThirdParty:1030 - CMSIS Pack Vendor :STMicroelectronics USB_HOST 1.0.0
2023-11-02 15:35:03,839 [INFO] ThirdParty:1030 - CMSIS Pack Vendor :STMicroelectronics X-CUBE-TOF1 3.3.1
2023-11-02 15:35:03,839 [INFO] ThirdParty:1030 - CMSIS Pack Vendor :STMicroelectronics X-CUBE-AZRTOS-G4 2.0.0
2023-11-02 15:35:03,839 [INFO] ThirdParty:1030 - CMSIS Pack Vendor :STMicroelectronics PDM2PCM 3.1.0
2023-11-02 15:35:03,839 [INFO] ThirdParty:1030 - CMSIS Pack Vendor :STMicroelectronics X-CUBE-AZRTOS-H7 3.1.0
2023-11-02 15:35:03,839 [INFO] ThirdParty:1030 - CMSIS Pack Vendor :Infineon AIROC-Wi-Fi-Bluetooth-STM32 1.5.1
2023-11-02 15:35:03,839 [INFO] ThirdParty:1030 - CMSIS Pack Vendor :STMicroelectronics X-CUBE-BLEMGR 3.0.0
2023-11-02 15:35:03,839 [INFO] ThirdParty:1030 - CMSIS Pack Vendor :STMicroelectronics PDM2PCM 3.3.0
2023-11-02 15:35:03,840 [INFO] ThirdParty:1030 - CMSIS Pack Vendor :STMicroelectronics X-CUBE-DISPLAY 3.0.0
2023-11-02 15:35:03,840 [INFO] ThirdParty:1030 - CMSIS Pack Vendor :STMicroelectronics X-CUBE-BLE1 7.0.0
2023-11-02 15:35:03,840 [INFO] ThirdParty:1030 - CMSIS Pack Vendor :STMicroelectronics FP-ATR-SIGFOX1 3.2.0
2023-11-02 15:35:03,840 [INFO] ThirdParty:1030 - CMSIS Pack Vendor :STMicroelectronics HAL Drivers 0.0.0
2023-11-02 15:35:03,840 [INFO] ThirdParty:1030 - CMSIS Pack Vendor :STMicroelectronics MBEDTLS 2.16.2
2023-11-02 15:35:03,840 [INFO] ThirdParty:1030 - CMSIS Pack Vendor :emotas I-CUBE-CANOPEN 1.3.0
2023-11-02 15:35:03,840 [INFO] ThirdParty:1030 - CMSIS Pack Vendor :STMicroelectronics X-CUBE-MEMS1 10.0.0
2023-11-02 15:35:03,840 [INFO] ThirdParty:1030 - CMSIS Pack Vendor :STMicroelectronics X-CUBE-FREERTOS 1.1.0
2023-11-02 15:35:03,840 [INFO] ThirdParty:1030 - CMSIS Pack Vendor :STMicroelectronics X-CUBE-TOUCHGFX 4.22.0
2023-11-02 15:35:03,840 [INFO] ThirdParty:1030 - CMSIS Pack Vendor :STMicroelectronics X-CUBE-NFC7 1.0.1
2023-11-02 15:35:03,840 [INFO] ThirdParty:1030 - CMSIS Pack Vendor :STMicroelectronics MBEDTLS 2.14.1
2023-11-02 15:35:03,841 [INFO] ThirdParty:1030 - CMSIS Pack Vendor :STMicroelectronics X-CUBE-TOUCHGFX 4.22.1
2023-11-02 15:35:03,841 [INFO] ThirdParty:1030 - CMSIS Pack Vendor :STMicroelectronics X-CUBE-NFC6 3.0.0
2023-11-02 15:35:03,841 [INFO] ThirdParty:1030 - CMSIS Pack Vendor :STMicroelectronics X-CUBE-EEPRMA1 4.1.0
2023-11-02 15:35:03,841 [INFO] ThirdParty:1030 - CMSIS Pack Vendor :portGmbH I-Cube-SoM-uGOAL 1.1.0
2023-11-02 15:35:03,841 [INFO] ThirdParty:1030 - CMSIS Pack Vendor :STMicroelectronics X-CUBE-ALS 1.0.1
2023-11-02 15:35:03,841 [INFO] ThirdParty:1030 - CMSIS Pack Vendor :STMicroelectronics ThreadX 1.0.0
2023-11-02 15:35:03,841 [INFO] ThirdParty:1030 - CMSIS Pack Vendor :STMicroelectronics FP-SNS-SMARTAG2 1.2.0
2023-11-02 15:35:03,841 [INFO] ThirdParty:1030 - CMSIS Pack Vendor :STMicroelectronics X-CUBE-AZRTOS-WL 2.0.0
2023-11-02 15:35:03,841 [INFO] ThirdParty:1030 - CMSIS Pack Vendor :SEGGER I-CUBE-embOS 1.3.1
2023-11-02 15:35:03,841 [INFO] ThirdParty:1030 - CMSIS Pack Vendor :STMicroelectronics USB_DEVICE 1.0.0
2023-11-02 15:35:03,842 [INFO] ThirdParty:1030 - CMSIS Pack Vendor :STMicroelectronics X-CUBE-AI 8.1.0
2023-11-02 15:35:03,842 [INFO] ThirdParty:1030 - CMSIS Pack Vendor :STMicroelectronics X-CUBE-AZRTOS-L4 2.0.0
2023-11-02 15:35:03,842 [INFO] ThirdParty:1030 - CMSIS Pack Vendor :STMicroelectronics ThreadX 0.0.2
2023-11-02 15:35:03,842 [INFO] ThirdParty:1030 - CMSIS Pack Vendor :WES I-CUBE-Cesium 1.3.0
2023-11-02 15:35:03,842 [INFO] ThirdParty:1030 - CMSIS Pack Vendor :STMicroelectronics FP-ATR-ASTRA1 2.0.0
2023-11-02 15:35:03,842 [INFO] ThirdParty:1030 - CMSIS Pack Vendor :STMicroelectronics lwIP 2.1.2
2023-11-02 15:35:03,842 [INFO] ThirdParty:1030 - CMSIS Pack Vendor :STMicroelectronics X-CUBE-SFXS2LP1 4.0.0
2023-11-02 15:35:03,843 [INFO] ThirdParty:1030 - CMSIS Pack Vendor :STMicroelectronics X-CUBE-BLE2 3.3.0
2023-11-02 15:35:03,843 [INFO] ThirdParty:1030 - CMSIS Pack Vendor :STMicroelectronics PDM2PCM 3.2.0
2023-11-02 15:35:03,843 [INFO] ThirdParty:841 - exiting critical section [change project]
2023-11-02 15:35:04,618 [INFO] PinOutPanel:1499 - setPackage(No Configuration,No Configuration)
2023-11-02 15:35:04,622 [INFO] PinOutPanel:1499 - setPackage(STM32F411RETx,LQFP64)
2023-11-02 15:35:05,686 [INFO] UtilMem:75 - Before build in PCC Used Memory: 510720768 Bytes (977272832)
2023-11-02 15:35:08,190 [INFO] UtilMem:75 - After build in PCC Used Memory: 633666024 Bytes (977272832)
2023-11-02 15:35:08,257 [INFO] IPUIPlugin:80 - create IPUIPlugin
2023-11-02 15:35:08,258 [INFO] IPUIPlugin:80 - create IPUIPlugin
2023-11-02 15:35:08,259 [INFO] IPUIPlugin:80 - create IPUIPlugin
2023-11-02 15:35:08,259 [INFO] IPUIPlugin:80 - create IPUIPlugin
2023-11-02 15:35:08,261 [INFO] IPUIPlugin:80 - create IPUIPlugin
2023-11-02 15:35:08,261 [INFO] IPUIPlugin:80 - create IPUIPlugin
2023-11-02 15:35:08,262 [INFO] IPUIPlugin:80 - create IPUIPlugin
2023-11-02 15:35:08,262 [INFO] IPUIPlugin:80 - create IPUIPlugin
2023-11-02 15:35:08,262 [INFO] IPUIPlugin:80 - create IPUIPlugin
2023-11-02 15:35:08,264 [INFO] IPUIPlugin:80 - create IPUIPlugin
2023-11-02 15:35:08,264 [INFO] IPUIPlugin:80 - create IPUIPlugin
2023-11-02 15:35:08,264 [INFO] IPUIPlugin:80 - create IPUIPlugin
2023-11-02 15:35:08,264 [INFO] IPUIPlugin:80 - create IPUIPlugin
2023-11-02 15:35:08,264 [INFO] IPUIPlugin:80 - create IPUIPlugin
2023-11-02 15:35:08,265 [INFO] IPUIPlugin:80 - create IPUIPlugin
2023-11-02 15:35:08,265 [INFO] IPUIPlugin:80 - create IPUIPlugin
2023-11-02 15:35:08,266 [INFO] IPUIPlugin:80 - create IPUIPlugin
2023-11-02 15:35:08,267 [INFO] IPUIPlugin:80 - create IPUIPlugin
2023-11-02 15:35:08,267 [INFO] IPUIPlugin:80 - create IPUIPlugin
2023-11-02 15:35:08,270 [INFO] IPUIPlugin:80 - create IPUIPlugin
2023-11-02 15:35:08,271 [INFO] IPUIPlugin:80 - create IPUIPlugin
2023-11-02 15:35:08,271 [INFO] IPUIPlugin:80 - create IPUIPlugin
2023-11-02 15:35:08,272 [INFO] IPUIPlugin:80 - create IPUIPlugin
2023-11-02 15:35:08,273 [INFO] IPUIPlugin:80 - create IPUIPlugin
2023-11-02 15:35:08,273 [INFO] IPUIPlugin:80 - create IPUIPlugin
2023-11-02 15:35:08,274 [INFO] IPUIPlugin:80 - create IPUIPlugin
2023-11-02 15:35:08,274 [INFO] IPUIPlugin:80 - create IPUIPlugin
2023-11-02 15:35:08,275 [INFO] IPUIPlugin:80 - create IPUIPlugin
2023-11-02 15:35:08,276 [INFO] IPUIPlugin:80 - create IPUIPlugin
2023-11-02 15:35:08,277 [INFO] IPUIPlugin:80 - create IPUIPlugin
2023-11-02 15:35:08,277 [INFO] IPUIPlugin:80 - create IPUIPlugin
2023-11-02 15:35:08,278 [INFO] IPUIPlugin:80 - create IPUIPlugin
2023-11-02 15:35:08,279 [INFO] IPUIPlugin:80 - create IPUIPlugin
2023-11-02 15:35:08,279 [INFO] IPUIPlugin:80 - create IPUIPlugin
2023-11-02 15:35:08,281 [INFO] IPUIPlugin:80 - create IPUIPlugin
2023-11-02 15:35:08,281 [INFO] IPUIPlugin:80 - create IPUIPlugin
2023-11-02 15:35:08,282 [INFO] IPUIPlugin:80 - create IPUIPlugin
2023-11-02 15:35:08,283 [INFO] IPUIPlugin:80 - create IPUIPlugin
2023-11-02 15:35:08,284 [INFO] IPUIPlugin:80 - create IPUIPlugin
2023-11-02 15:35:08,285 [INFO] IPUIPlugin:80 - create IPUIPlugin
2023-11-02 15:35:08,286 [INFO] IPUIPlugin:80 - create IPUIPlugin
2023-11-02 15:35:08,286 [INFO] IPUIPlugin:80 - create IPUIPlugin
2023-11-02 15:35:08,288 [INFO] IPUIPlugin:80 - create IPUIPlugin
2023-11-02 15:35:08,478 [INFO] ApiDbMcu:507 - Load IP Config File for PDM2PCM
2023-11-02 15:35:08,922 [INFO] CADModel:165 - CPN selected for project levelSTM32F411RET6
2023-11-02 15:35:08,922 [INFO] CADModel:114 - Register for checkConnection events
2023-11-02 15:35:09,008 [INFO] OpenFileManager:328 - Restore cursor
2023-11-02 15:35:12,044 [INFO] UtilMem:75 - End SaveConfig() Used Memory: 489583224 Bytes (977272832)
2023-11-02 15:35:12,372 [INFO] UtilMem:75 - End SaveConfig() Used Memory: 541449184 Bytes (977272832)
2023-11-02 15:35:13,420 [INFO] BlockDiagram:2759 - set Specific Code input for plugin: NVIC
2023-11-02 15:35:13,420 [INFO] BlockDiagram:2759 - set Specific Code input for plugin: USART
2023-11-02 15:35:13,420 [INFO] BlockDiagram:2759 - set Specific Code input for plugin: SYS
2023-11-02 15:35:13,423 [INFO] BlockDiagram:2759 - set Specific Code input for plugin: GPIO
2023-11-02 15:35:13,424 [INFO] BlockDiagram:2759 - set Specific Code input for plugin: RCC
2023-11-02 15:35:13,426 [INFO] CodeGenerator:799 - code generatio: config db path: C:\ST\STM32CubeIDE_1.13.2\STM32CubeIDE\plugins\com.st.stm32cube.common.mx_6.9.2.202309101412\\db\
2023-11-02 15:35:14,411 [INFO] CodeEngine:255 - oldGeneratedFile, C:\Users\emily\STM32CubeIDE\workspace_1.13.2\Rat\Rat\MXTmpFiles\license.tmp_save
2023-11-02 15:35:15,192 [INFO] CodeEngine:279 - Generated code: C:\Users\emily\STM32CubeIDE\workspace_1.13.2\Rat\Rat\MXTmpFiles\license.tmp
2023-11-02 15:35:15,327 [INFO] CodeEngine:255 - oldGeneratedFile, C:\Users\emily\STM32CubeIDE\workspace_1.13.2\Rat\Rat\MXTmpFiles\gpio.tmp_save
2023-11-02 15:35:15,651 [INFO] CodeEngine:279 - Generated code: C:\Users\emily\STM32CubeIDE\workspace_1.13.2\Rat\Rat\MXTmpFiles\gpio.tmp
2023-11-02 15:35:15,889 [INFO] CodeEngine:255 - oldGeneratedFile, C:\Users\emily\STM32CubeIDE\workspace_1.13.2\Rat\Rat\Core\Src\stm32f4xx_it.c_save
2023-11-02 15:35:16,193 [INFO] CodeEngine:279 - Generated code: C:\Users\emily\STM32CubeIDE\workspace_1.13.2\Rat\Rat\Core\Src\stm32f4xx_it.c
2023-11-02 15:35:16,217 [INFO] CodeEngine:255 - oldGeneratedFile, C:\Users\emily\STM32CubeIDE\workspace_1.13.2\Rat\Rat\Core\Inc\stm32f4xx_it.h_save
2023-11-02 15:35:16,419 [INFO] CodeEngine:279 - Generated code: C:\Users\emily\STM32CubeIDE\workspace_1.13.2\Rat\Rat\Core\Inc\stm32f4xx_it.h
2023-11-02 15:35:16,462 [INFO] CodeEngine:255 - oldGeneratedFile, C:\Users\emily\STM32CubeIDE\workspace_1.13.2\Rat\Rat\Core\Src\stm32f4xx_hal_msp.c_save
2023-11-02 15:35:16,830 [INFO] CodeEngine:279 - Generated code: C:\Users\emily\STM32CubeIDE\workspace_1.13.2\Rat\Rat\Core\Src\stm32f4xx_hal_msp.c
2023-11-02 15:35:16,849 [INFO] CodeEngine:255 - oldGeneratedFile, C:\Users\emily\STM32CubeIDE\workspace_1.13.2\Rat\Rat\MXTmpFiles\system.tmp_save
2023-11-02 15:35:17,022 [INFO] CodeEngine:279 - Generated code: C:\Users\emily\STM32CubeIDE\workspace_1.13.2\Rat\Rat\MXTmpFiles\system.tmp
2023-11-02 15:35:17,064 [INFO] CodeEngine:311 - oldGeneratedFile, C:\Users\emily\STM32CubeIDE\workspace_1.13.2\Rat\Rat\Core\Inc\stm32f4xx_hal_conf.h_save
2023-11-02 15:35:17,382 [INFO] CodeEngine:335 - Generated code: C:\Users\emily\STM32CubeIDE\workspace_1.13.2\Rat\Rat\Core\Inc\stm32f4xx_hal_conf.h
2023-11-02 15:35:17,526 [INFO] CodeEngine:255 - oldGeneratedFile, C:\Users\emily\STM32CubeIDE\workspace_1.13.2\Rat\Rat\Core\Inc\main.h_save
2023-11-02 15:35:17,849 [INFO] CodeEngine:279 - Generated code: C:\Users\emily\STM32CubeIDE\workspace_1.13.2\Rat\Rat\Core\Inc\main.h
2023-11-02 15:35:17,875 [INFO] CodeEngine:255 - oldGeneratedFile, C:\Users\emily\STM32CubeIDE\workspace_1.13.2\Rat\Rat\Core\Src\main.c_save
2023-11-02 15:35:18,206 [INFO] CodeEngine:279 - Generated code: C:\Users\emily\STM32CubeIDE\workspace_1.13.2\Rat\Rat\Core\Src\main.c
2023-11-02 15:35:19,867 [INFO] ProjectBuilder:3064 - Time for Copy HAL[1] : 619mS.
2023-11-02 15:35:19,881 [INFO] ProjectBuilder:4404 - Project Generator version: 4.1.0
2023-11-02 15:35:20,637 [INFO] ConfigFileManager:1457 - The Die is : DIE431
2023-11-02 15:35:20,685 [INFO] ApiDbMcu:507 - Load IP Config File for FATFS
2023-11-02 15:35:20,795 [INFO] ApiDbMcu:507 - Load IP Config File for FREERTOS
2023-11-02 15:35:20,828 [INFO] ApiDbMcu:507 - Load IP Config File for LIBJPEG
2023-11-02 15:35:20,948 [INFO] ApiDbMcu:507 - Load IP Config File for MBEDTLS
2023-11-02 15:35:21,078 [INFO] ApiDbMcu:507 - Load IP Config File for USB_DEVICE
2023-11-02 15:35:21,126 [INFO] ApiDbMcu:507 - Load IP Config File for USB_HOST
2023-11-02 15:35:23,655 [INFO] LogOutputStream:77 - [STDOUT_REDIRECT] 
2023-11-02 15:35:30,653 [INFO] ProjectBuilder:4626 - Time for Generating toolchain IDE Files: 10772mS.
2023-11-02 15:35:30,655 [INFO] ProjectBuilder:2935 - Time for Copy CMSIS : 1mS.
2023-11-02 15:35:30,660 [INFO] ProjectBuilder:2935 - Time for Copy CMSIS : 0mS.
2023-11-02 15:35:32,033 [INFO] McuFinderGlobals:76 - Set McuFinderConnectedMode to true
2023-11-02 15:35:32,188 [INFO] ApiDb:448 - Save user favorites file C:\Users\emily/.stm32cubeide/favorites.mcus.txt: 0 item(s)
2023-11-02 15:35:32,189 [INFO] ApiDb:452 - User favorites MCUs=[]
2023-11-02 15:35:40,596 [INFO] Gpio:273 - dependency for GPIO [RCC, SYS, USART2]
2023-11-02 15:35:42,518 [INFO] NvicIntPanel:101 - NVIC parent = com.st.microxplorer.plugins.ip.nvic.MultiNvicIntPanel[,2,46,381x601,layout=javax.swing.BoxLayout,alignmentX=0.0,alignmentY=0.0,border=,flags=9,maximumSize=,minimumSize=,preferredSize=]
2023-11-02 15:41:19,351 [INFO] DmaTabbedPanel:205 - Cannot restore the selected Tab for DMA
2023-11-02 15:41:41,040 [INFO] Gpio:273 - dependency for GPIO [RCC, SYS, USART2]
2023-11-02 15:42:54,180 [INFO] Gpio:273 - dependency for GPIO [RCC, SYS, USART2]
2023-11-02 15:42:54,275 [INFO] NvicIntPanel:101 - NVIC parent = com.st.microxplorer.plugins.ip.nvic.MultiNvicIntPanel[,0,0,0x0,invalid,layout=javax.swing.BoxLayout,alignmentX=0.0,alignmentY=0.0,border=,flags=9,maximumSize=,minimumSize=,preferredSize=]
2023-11-02 15:44:19,417 [INFO] Gpio:273 - dependency for GPIO [RCC, SYS, USART2]
2023-11-02 15:44:19,583 [INFO] NvicIntPanel:101 - NVIC parent = com.st.microxplorer.plugins.ip.nvic.MultiNvicIntPanel[,0,0,0x0,invalid,layout=javax.swing.BoxLayout,alignmentX=0.0,alignmentY=0.0,border=,flags=9,maximumSize=,minimumSize=,preferredSize=]
2023-11-02 15:48:28,487 [ERROR] LogOutputStream:75 - [STDERR_REDIRECT] Exception in thread "AWT-EventQueue-0" java.awt.IllegalComponentStateException: component must be showing on the screen to determine its location
2023-11-02 15:48:28,493 [ERROR] LogOutputStream:75 - [STDERR_REDIRECT] 	at java.desktop/java.awt.Component.getLocationOnScreen_NoTreeLock(Component.java:2113)
2023-11-02 15:48:28,497 [ERROR] LogOutputStream:75 - [STDERR_REDIRECT] 	at java.desktop/java.awt.Component.getLocationOnScreen(Component.java:2087)
2023-11-02 15:48:28,501 [ERROR] LogOutputStream:75 - [STDERR_REDIRECT] 	at java.desktop/javax.swing.JPopupMenu.show(JPopupMenu.java:963)
2023-11-02 15:48:28,504 [ERROR] LogOutputStream:75 - [STDERR_REDIRECT] 	at java.desktop/javax.swing.plaf.basic.BasicComboPopup.show(BasicComboPopup.java:235)
2023-11-02 15:48:28,507 [ERROR] LogOutputStream:75 - [STDERR_REDIRECT] 	at java.desktop/javax.swing.plaf.basic.BasicComboPopup.togglePopup(BasicComboPopup.java:1257)
2023-11-02 15:48:28,511 [ERROR] LogOutputStream:75 - [STDERR_REDIRECT] 	at java.desktop/javax.swing.plaf.basic.BasicComboPopup$Handler.mousePressed(BasicComboPopup.java:936)
2023-11-02 15:48:28,514 [ERROR] LogOutputStream:75 - [STDERR_REDIRECT] 	at java.desktop/java.awt.Component.processMouseEvent(Component.java:6623)
2023-11-02 15:48:28,516 [ERROR] LogOutputStream:75 - [STDERR_REDIRECT] 	at java.desktop/javax.swing.JComponent.processMouseEvent(JComponent.java:3389)
2023-11-02 15:48:28,519 [ERROR] LogOutputStream:75 - [STDERR_REDIRECT] 	at java.desktop/java.awt.Component.processEvent(Component.java:6391)
2023-11-02 15:48:28,522 [ERROR] LogOutputStream:75 - [STDERR_REDIRECT] 	at java.desktop/java.awt.Container.processEvent(Container.java:2266)
2023-11-02 15:48:28,525 [ERROR] LogOutputStream:75 - [STDERR_REDIRECT] 	at java.desktop/java.awt.Component.dispatchEventImpl(Component.java:5001)
2023-11-02 15:48:28,528 [ERROR] LogOutputStream:75 - [STDERR_REDIRECT] 	at java.desktop/java.awt.Container.dispatchEventImpl(Container.java:2324)
2023-11-02 15:48:28,530 [ERROR] LogOutputStream:75 - [STDERR_REDIRECT] 	at java.desktop/java.awt.Component.dispatchEvent(Component.java:4833)
2023-11-02 15:48:28,534 [ERROR] LogOutputStream:75 - [STDERR_REDIRECT] 	at java.desktop/javax.swing.plaf.basic.BasicTableUI$Handler.repostEvent(BasicTableUI.java:987)
2023-11-02 15:48:28,537 [ERROR] LogOutputStream:75 - [STDERR_REDIRECT] 	at java.desktop/javax.swing.plaf.basic.BasicTableUI$Handler.adjustSelection(BasicTableUI.java:1149)
2023-11-02 15:48:28,541 [ERROR] LogOutputStream:75 - [STDERR_REDIRECT] 	at java.desktop/javax.swing.plaf.basic.BasicTableUI$Handler.mousePressed(BasicTableUI.java:1077)
2023-11-02 15:48:28,543 [ERROR] LogOutputStream:75 - [STDERR_REDIRECT] 	at java.desktop/java.awt.AWTEventMulticaster.mousePressed(AWTEventMulticaster.java:288)
2023-11-02 15:48:28,546 [ERROR] LogOutputStream:75 - [STDERR_REDIRECT] 	at java.desktop/java.awt.AWTEventMulticaster.mousePressed(AWTEventMulticaster.java:287)
2023-11-02 15:48:28,548 [ERROR] LogOutputStream:75 - [STDERR_REDIRECT] 	at java.desktop/java.awt.AWTEventMulticaster.mousePressed(AWTEventMulticaster.java:287)
2023-11-02 15:48:28,551 [ERROR] LogOutputStream:75 - [STDERR_REDIRECT] 	at java.desktop/java.awt.AWTEventMulticaster.mousePressed(AWTEventMulticaster.java:287)
2023-11-02 15:48:28,553 [ERROR] LogOutputStream:75 - [STDERR_REDIRECT] 	at java.desktop/java.awt.Component.processMouseEvent(Component.java:6623)
2023-11-02 15:48:28,555 [ERROR] LogOutputStream:75 - [STDERR_REDIRECT] 	at java.desktop/javax.swing.JComponent.processMouseEvent(JComponent.java:3389)
2023-11-02 15:48:28,556 [ERROR] LogOutputStream:75 - [STDERR_REDIRECT] 	at java.desktop/java.awt.Component.processEvent(Component.java:6391)
2023-11-02 15:48:28,558 [ERROR] LogOutputStream:75 - [STDERR_REDIRECT] 	at java.desktop/java.awt.Container.processEvent(Container.java:2266)
2023-11-02 15:48:28,560 [ERROR] LogOutputStream:75 - [STDERR_REDIRECT] 	at java.desktop/java.awt.Component.dispatchEventImpl(Component.java:5001)
2023-11-02 15:48:28,562 [ERROR] LogOutputStream:75 - [STDERR_REDIRECT] 	at java.desktop/java.awt.Container.dispatchEventImpl(Container.java:2324)
2023-11-02 15:48:28,563 [ERROR] LogOutputStream:75 - [STDERR_REDIRECT] 	at java.desktop/java.awt.Component.dispatchEvent(Component.java:4833)
2023-11-02 15:48:28,565 [ERROR] LogOutputStream:75 - [STDERR_REDIRECT] 	at java.desktop/java.awt.LightweightDispatcher.retargetMouseEvent(Container.java:4948)
2023-11-02 15:48:28,568 [ERROR] LogOutputStream:75 - [STDERR_REDIRECT] 	at java.desktop/java.awt.LightweightDispatcher.processMouseEvent(Container.java:4572)
2023-11-02 15:48:28,570 [ERROR] LogOutputStream:75 - [STDERR_REDIRECT] 	at java.desktop/java.awt.LightweightDispatcher.dispatchEvent(Container.java:4516)
2023-11-02 15:48:28,572 [ERROR] LogOutputStream:75 - [STDERR_REDIRECT] 	at java.desktop/java.awt.Container.dispatchEventImpl(Container.java:2310)
2023-11-02 15:48:28,573 [ERROR] LogOutputStream:75 - [STDERR_REDIRECT] 	at java.desktop/java.awt.Component.dispatchEvent(Component.java:4833)
2023-11-02 15:48:28,575 [ERROR] LogOutputStream:75 - [STDERR_REDIRECT] 	at java.desktop/java.awt.EventQueue.dispatchEventImpl(EventQueue.java:773)
2023-11-02 15:48:28,576 [ERROR] LogOutputStream:75 - [STDERR_REDIRECT] 	at java.desktop/java.awt.EventQueue$4.run(EventQueue.java:722)
2023-11-02 15:48:28,578 [ERROR] LogOutputStream:75 - [STDERR_REDIRECT] 	at java.desktop/java.awt.EventQueue$4.run(EventQueue.java:716)
2023-11-02 15:48:28,580 [ERROR] LogOutputStream:75 - [STDERR_REDIRECT] 	at java.base/java.security.AccessController.doPrivileged(AccessController.java:399)
2023-11-02 15:48:28,583 [ERROR] LogOutputStream:75 - [STDERR_REDIRECT] 	at java.base/java.security.ProtectionDomain$JavaSecurityAccessImpl.doIntersectionPrivilege(ProtectionDomain.java:86)
2023-11-02 15:48:28,587 [ERROR] LogOutputStream:75 - [STDERR_REDIRECT] 	at java.base/java.security.ProtectionDomain$JavaSecurityAccessImpl.doIntersectionPrivilege(ProtectionDomain.java:97)
2023-11-02 15:48:28,589 [ERROR] LogOutputStream:75 - [STDERR_REDIRECT] 	at java.desktop/java.awt.EventQueue$5.run(EventQueue.java:746)
2023-11-02 15:48:28,592 [ERROR] LogOutputStream:75 - [STDERR_REDIRECT] 	at java.desktop/java.awt.EventQueue$5.run(EventQueue.java:744)
2023-11-02 15:48:28,594 [ERROR] LogOutputStream:75 - [STDERR_REDIRECT] 	at java.base/java.security.AccessController.doPrivileged(AccessController.java:399)
2023-11-02 15:48:28,597 [ERROR] LogOutputStream:75 - [STDERR_REDIRECT] 	at java.base/java.security.ProtectionDomain$JavaSecurityAccessImpl.doIntersectionPrivilege(ProtectionDomain.java:86)
2023-11-02 15:48:28,600 [ERROR] LogOutputStream:75 - [STDERR_REDIRECT] 	at java.desktop/java.awt.EventQueue.dispatchEvent(EventQueue.java:743)
2023-11-02 15:48:28,603 [ERROR] LogOutputStream:75 - [STDERR_REDIRECT] 	at java.desktop/java.awt.EventDispatchThread.pumpOneEventForFilters(EventDispatchThread.java:203)
2023-11-02 15:48:28,606 [ERROR] LogOutputStream:75 - [STDERR_REDIRECT] 	at java.desktop/java.awt.EventDispatchThread.pumpEventsForFilter(EventDispatchThread.java:124)
2023-11-02 15:48:28,609 [ERROR] LogOutputStream:75 - [STDERR_REDIRECT] 	at java.desktop/java.awt.EventDispatchThread.pumpEventsForHierarchy(EventDispatchThread.java:113)
2023-11-02 15:48:28,613 [ERROR] LogOutputStream:75 - [STDERR_REDIRECT] 	at java.desktop/java.awt.EventDispatchThread.pumpEvents(EventDispatchThread.java:109)
2023-11-02 15:48:28,617 [ERROR] LogOutputStream:75 - [STDERR_REDIRECT] 	at java.desktop/java.awt.EventDispatchThread.pumpEvents(EventDispatchThread.java:101)
2023-11-02 15:48:28,619 [ERROR] LogOutputStream:75 - [STDERR_REDIRECT] 	at java.desktop/java.awt.EventDispatchThread.run(EventDispatchThread.java:90)
2023-11-02 15:48:38,742 [INFO] NvicIntPanel:101 - NVIC parent = com.st.microxplorer.plugins.ip.nvic.MultiNvicIntPanel[,0,0,0x0,invalid,layout=javax.swing.BoxLayout,alignmentX=0.0,alignmentY=0.0,border=,flags=9,maximumSize=,minimumSize=,preferredSize=]
2023-11-02 15:49:15,362 [INFO] UtilMem:75 - End SaveConfig() Used Memory: 344011488 Bytes (859832320)
2023-11-02 15:49:20,499 [INFO] UtilMem:75 - End SaveConfig() Used Memory: 434189024 Bytes (859832320)
2023-11-02 15:49:21,199 [INFO] BlockDiagram:2759 - set Specific Code input for plugin: NVIC
2023-11-02 15:49:21,200 [INFO] BlockDiagram:2759 - set Specific Code input for plugin: USART
2023-11-02 15:49:21,200 [INFO] BlockDiagram:2759 - set Specific Code input for plugin: TIM1_8
2023-11-02 15:49:21,200 [INFO] BlockDiagram:2759 - set Specific Code input for plugin: TIM1_8
2023-11-02 15:49:21,201 [INFO] BlockDiagram:2759 - set Specific Code input for plugin: SYS
2023-11-02 15:49:21,202 [INFO] BlockDiagram:2759 - set Specific Code input for plugin: GPIO
2023-11-02 15:49:21,202 [INFO] BlockDiagram:2759 - set Specific Code input for plugin: RCC
2023-11-02 15:49:21,206 [INFO] CodeGenerator:799 - code generatio: config db path: C:\ST\STM32CubeIDE_1.13.2\STM32CubeIDE\plugins\com.st.stm32cube.common.mx_6.9.2.202309101412\\db\
2023-11-02 15:49:21,543 [INFO] CodeEngine:255 - oldGeneratedFile, C:\Users\emily\STM32CubeIDE\workspace_1.13.2\Rat\Rat\MXTmpFiles\license.tmp_save
2023-11-02 15:49:22,089 [INFO] CodeEngine:279 - Generated code: C:\Users\emily\STM32CubeIDE\workspace_1.13.2\Rat\Rat\MXTmpFiles\license.tmp
2023-11-02 15:49:22,157 [INFO] CodeEngine:255 - oldGeneratedFile, C:\Users\emily\STM32CubeIDE\workspace_1.13.2\Rat\Rat\MXTmpFiles\gpio.tmp_save
2023-11-02 15:49:22,553 [INFO] CodeEngine:279 - Generated code: C:\Users\emily\STM32CubeIDE\workspace_1.13.2\Rat\Rat\MXTmpFiles\gpio.tmp
2023-11-02 15:49:23,295 [INFO] CodeEngine:255 - oldGeneratedFile, C:\Users\emily\STM32CubeIDE\workspace_1.13.2\Rat\Rat\Core\Src\stm32f4xx_it.c_save
2023-11-02 15:49:25,150 [INFO] CodeEngine:279 - Generated code: C:\Users\emily\STM32CubeIDE\workspace_1.13.2\Rat\Rat\Core\Src\stm32f4xx_it.c
2023-11-02 15:49:25,189 [INFO] CodeEngine:255 - oldGeneratedFile, C:\Users\emily\STM32CubeIDE\workspace_1.13.2\Rat\Rat\Core\Inc\stm32f4xx_it.h_save
2023-11-02 15:49:25,490 [INFO] CodeEngine:279 - Generated code: C:\Users\emily\STM32CubeIDE\workspace_1.13.2\Rat\Rat\Core\Inc\stm32f4xx_it.h
2023-11-02 15:49:25,566 [INFO] CodeEngine:255 - oldGeneratedFile, C:\Users\emily\STM32CubeIDE\workspace_1.13.2\Rat\Rat\Core\Src\stm32f4xx_hal_msp.c_save
2023-11-02 15:49:27,144 [INFO] CodeEngine:279 - Generated code: C:\Users\emily\STM32CubeIDE\workspace_1.13.2\Rat\Rat\Core\Src\stm32f4xx_hal_msp.c
2023-11-02 15:49:27,157 [INFO] CodeEngine:255 - oldGeneratedFile, C:\Users\emily\STM32CubeIDE\workspace_1.13.2\Rat\Rat\MXTmpFiles\system.tmp_save
2023-11-02 15:49:27,378 [INFO] CodeEngine:279 - Generated code: C:\Users\emily\STM32CubeIDE\workspace_1.13.2\Rat\Rat\MXTmpFiles\system.tmp
2023-11-02 15:49:27,449 [INFO] CodeEngine:311 - oldGeneratedFile, C:\Users\emily\STM32CubeIDE\workspace_1.13.2\Rat\Rat\Core\Inc\stm32f4xx_hal_conf.h_save
2023-11-02 15:49:27,750 [INFO] CodeEngine:335 - Generated code: C:\Users\emily\STM32CubeIDE\workspace_1.13.2\Rat\Rat\Core\Inc\stm32f4xx_hal_conf.h
2023-11-02 15:49:27,876 [WARN] IPConfigManager:3431 - IP not found : TIM
2023-11-02 15:49:27,878 [WARN] CodeGenerator:3764 - IP not found : null
2023-11-02 15:49:27,961 [INFO] CodeEngine:255 - oldGeneratedFile, C:\Users\emily\STM32CubeIDE\workspace_1.13.2\Rat\Rat\Core\Inc\main.h_save
2023-11-02 15:49:28,259 [INFO] CodeEngine:279 - Generated code: C:\Users\emily\STM32CubeIDE\workspace_1.13.2\Rat\Rat\Core\Inc\main.h
2023-11-02 15:49:28,289 [INFO] CodeEngine:255 - oldGeneratedFile, C:\Users\emily\STM32CubeIDE\workspace_1.13.2\Rat\Rat\Core\Src\main.c_save
2023-11-02 15:49:28,594 [INFO] CodeEngine:279 - Generated code: C:\Users\emily\STM32CubeIDE\workspace_1.13.2\Rat\Rat\Core\Src\main.c
2023-11-02 15:49:29,790 [INFO] ProjectBuilder:3064 - Time for Copy HAL[1] : 296mS.
2023-11-02 15:49:29,797 [INFO] ProjectBuilder:4404 - Project Generator version: 4.1.0
2023-11-02 15:49:30,120 [INFO] ConfigFileManager:1457 - The Die is : DIE431
2023-11-02 15:49:33,677 [INFO] ProjectBuilder:4626 - Time for Generating toolchain IDE Files: 3882mS.
2023-11-02 15:49:33,678 [INFO] ProjectBuilder:2935 - Time for Copy CMSIS : 1mS.
2023-11-02 15:49:33,683 [INFO] ProjectBuilder:2935 - Time for Copy CMSIS : 0mS.
2023-11-02 16:17:03,627 [INFO] UtilMem:75 - End SaveConfig() Used Memory: 256486232 Bytes (859832320)
2023-11-02 16:17:08,149 [INFO] UtilMem:75 - End SaveConfig() Used Memory: 325444248 Bytes (859832320)
2023-11-02 16:17:09,420 [INFO] BlockDiagram:2759 - set Specific Code input for plugin: NVIC
2023-11-02 16:17:09,420 [INFO] BlockDiagram:2759 - set Specific Code input for plugin: USART
2023-11-02 16:17:09,420 [INFO] BlockDiagram:2759 - set Specific Code input for plugin: TIM1_8
2023-11-02 16:17:09,420 [INFO] BlockDiagram:2759 - set Specific Code input for plugin: TIM1_8
2023-11-02 16:17:09,421 [INFO] BlockDiagram:2759 - set Specific Code input for plugin: TIM1_8
2023-11-02 16:17:09,421 [INFO] BlockDiagram:2759 - set Specific Code input for plugin: SYS
2023-11-02 16:17:09,422 [INFO] BlockDiagram:2759 - set Specific Code input for plugin: GPIO
2023-11-02 16:17:09,422 [INFO] BlockDiagram:2759 - set Specific Code input for plugin: RCC
2023-11-02 16:17:09,425 [INFO] CodeGenerator:799 - code generatio: config db path: C:\ST\STM32CubeIDE_1.13.2\STM32CubeIDE\plugins\com.st.stm32cube.common.mx_6.9.2.202309101412\\db\
2023-11-02 16:17:09,720 [INFO] CodeEngine:255 - oldGeneratedFile, C:\Users\emily\STM32CubeIDE\workspace_1.13.2\Rat\Rat\MXTmpFiles\license.tmp_save
2023-11-02 16:17:10,000 [INFO] CodeEngine:279 - Generated code: C:\Users\emily\STM32CubeIDE\workspace_1.13.2\Rat\Rat\MXTmpFiles\license.tmp
2023-11-02 16:17:10,085 [INFO] CodeEngine:255 - oldGeneratedFile, C:\Users\emily\STM32CubeIDE\workspace_1.13.2\Rat\Rat\MXTmpFiles\gpio.tmp_save
2023-11-02 16:17:10,287 [INFO] CodeEngine:279 - Generated code: C:\Users\emily\STM32CubeIDE\workspace_1.13.2\Rat\Rat\MXTmpFiles\gpio.tmp
2023-11-02 16:17:10,731 [INFO] CodeEngine:255 - oldGeneratedFile, C:\Users\emily\STM32CubeIDE\workspace_1.13.2\Rat\Rat\Core\Src\stm32f4xx_it.c_save
2023-11-02 16:17:11,157 [INFO] CodeEngine:279 - Generated code: C:\Users\emily\STM32CubeIDE\workspace_1.13.2\Rat\Rat\Core\Src\stm32f4xx_it.c
2023-11-02 16:17:11,170 [INFO] CodeEngine:255 - oldGeneratedFile, C:\Users\emily\STM32CubeIDE\workspace_1.13.2\Rat\Rat\Core\Inc\stm32f4xx_it.h_save
2023-11-02 16:17:11,328 [INFO] CodeEngine:279 - Generated code: C:\Users\emily\STM32CubeIDE\workspace_1.13.2\Rat\Rat\Core\Inc\stm32f4xx_it.h
2023-11-02 16:17:11,366 [INFO] CodeEngine:255 - oldGeneratedFile, C:\Users\emily\STM32CubeIDE\workspace_1.13.2\Rat\Rat\Core\Src\stm32f4xx_hal_msp.c_save
2023-11-02 16:17:11,623 [INFO] CodeEngine:279 - Generated code: C:\Users\emily\STM32CubeIDE\workspace_1.13.2\Rat\Rat\Core\Src\stm32f4xx_hal_msp.c
2023-11-02 16:17:11,644 [INFO] CodeEngine:255 - oldGeneratedFile, C:\Users\emily\STM32CubeIDE\workspace_1.13.2\Rat\Rat\MXTmpFiles\system.tmp_save
2023-11-02 16:17:11,754 [INFO] CodeEngine:279 - Generated code: C:\Users\emily\STM32CubeIDE\workspace_1.13.2\Rat\Rat\MXTmpFiles\system.tmp
2023-11-02 16:17:11,805 [INFO] CodeEngine:311 - oldGeneratedFile, C:\Users\emily\STM32CubeIDE\workspace_1.13.2\Rat\Rat\Core\Inc\stm32f4xx_hal_conf.h_save
2023-11-02 16:17:12,040 [INFO] CodeEngine:335 - Generated code: C:\Users\emily\STM32CubeIDE\workspace_1.13.2\Rat\Rat\Core\Inc\stm32f4xx_hal_conf.h
2023-11-02 16:17:12,195 [WARN] IPConfigManager:3431 - IP not found : TIM
2023-11-02 16:17:12,196 [WARN] CodeGenerator:3764 - IP not found : null
2023-11-02 16:17:12,230 [INFO] CodeEngine:255 - oldGeneratedFile, C:\Users\emily\STM32CubeIDE\workspace_1.13.2\Rat\Rat\Core\Inc\main.h_save
2023-11-02 16:17:12,709 [INFO] CodeEngine:279 - Generated code: C:\Users\emily\STM32CubeIDE\workspace_1.13.2\Rat\Rat\Core\Inc\main.h
2023-11-02 16:17:12,746 [INFO] CodeEngine:255 - oldGeneratedFile, C:\Users\emily\STM32CubeIDE\workspace_1.13.2\Rat\Rat\Core\Src\main.c_save
2023-11-02 16:17:13,629 [INFO] CodeEngine:279 - Generated code: C:\Users\emily\STM32CubeIDE\workspace_1.13.2\Rat\Rat\Core\Src\main.c
2023-11-02 16:17:15,204 [INFO] ProjectBuilder:3064 - Time for Copy HAL[1] : 680mS.
2023-11-02 16:17:15,215 [INFO] ProjectBuilder:4404 - Project Generator version: 4.1.0
2023-11-02 16:17:15,537 [INFO] ConfigFileManager:1457 - The Die is : DIE431
2023-11-02 16:17:18,891 [INFO] ProjectBuilder:4626 - Time for Generating toolchain IDE Files: 3676mS.
2023-11-02 16:17:18,893 [INFO] ProjectBuilder:2935 - Time for Copy CMSIS : 1mS.
2023-11-02 16:17:18,898 [INFO] ProjectBuilder:2935 - Time for Copy CMSIS : 0mS.
